1196092800,961.7
1196179200,894.85
1196265600,885.65
1196352000,923
1196611200,970.65
1196697600,1042.9
1196784000,1080.5
1196870400,1077.8
1196956800,1099.5
1197216000,1072.4
1197302400,1048.05
1197388800,1040.15
1197475200,1125.85
1197561600,1105.75
1197820800,1048.2
1197907200,1074.95
1197993600,1064.85
1198080000,1063.95
1198425600,1156.15
1198598400,1197.7
1198684800,1212.5
1198771200,1245.5
1199030400,1268.6
1199116800,1297.55
1199203200,1306.85
1199289600,1278.8
1199376000,1242.55
1199635200,1229.95
1199721600,1200.15
1199808000,1176.25
1199894400,1120.75
1199980800,1085.9
1200240000,1033.65
1200326400,1047.9
1200412800,1029.7
1200499200,1022.75
1200585600,991.6
1200844800,824.05
1200931200,731.7
1201017600,853.65
1201104000,819.15
1201190400,862.3
1201449600,820.9
1201536000,839.15
1201622400,829.05
1201708800,834.8
1201795200,821
1202054400,857.55
1202140800,836.15
1202227200,806.65
1202313600,798.1
1202400000,784.5
1202659200,710.5
1202745600,683.45
1202832000,671.15
1202918400,710.45
1203004800,732
1203264000,768.7
1203350400,762.5
1203436800,732.25
1203523200,738.55
1203609600,723
1203868800,707.75
1203955200,735.6
1204041600,745.35
1204128000,736.55
1204214400,734.75
1204473600,696.15
1204560000,669.65
1204646400,643.85
1204819200,613
1205078400,600.15
1205164800,623.35
1205251200,601.2
1205337600,567.95
1205424000,560.35
1205683200,512.75
1205769600,502.1
1205856000,497.1
1206288000,469
1206374400,498.7
1206460800,502.45
1206547200,515.75
1206633600,618.9
1206892800,579.5
1206979200,589.85
1207065600,607.7
1207152000,601.75
1207238400,592.5
1207497600,591.75
1207584000,589.15
1207670400,597.85
1207756800,605.5
1207843200,608.25
1208188800,642.2
1208275200,636.6
1208361600,629.65
1208707200,644.35
1208793600,665.2
1208880000,665.7
1208966400,667.1
1209052800,712.65
1209312000,736.65
1209398400,738.85
1209484800,758.6
1209657600,768.3
1209916800,756
1210003200,755.75
1210089600,766.55
1210176000,779.45
1210262400,782.6
1210521600,812.5
1210608000,792.4
1210694400,788.8
1210780800,790.4
1210867200,773.9
1211212800,884.8
1211299200,901.45
1211385600,880.85
1211472000,852.75
1211731200,886.2
1211817600,871.75
1211904000,843.05
1211990400,834.45
1212076800,786.45
1212336000,767.05
1212422400,741.55
1212508800,702.6
1212595200,660.3
1212681600,640.35
1212940800,614
1213027200,591.7
1213113600,609.7
1213200000,592.6
1213286400,599.2
1213545600,620.65
1213632000,631.45
1213718400,630.65
1213804800,645.45
1213891200,622
1214150400,572.9
1214236800,569.05
1214323200,549.4
1214409600,532.7
1214496000,495.6
1214755200,492.05
1214841600,476.6
1214928000,481.6
1215014400,444.5
1215100800,450.5
1215360000,467.45
1215446400,461.7
1215532800,554
1215619200,570.8
1215705600,545.3
1215964800,535.1
1216051200,489.7
1216137600,478.1
1216224000,477.6
1216310400,468.2
1216569600,477.05
1216656000,515.6
1216742400,552.65
1216828800,583.45
1216915200,588.55
1217174400,587.65
1217260800,559
1217347200,567.05
1217433600,575.45
1217520000,574.9
1217779200,584.4
1217865600,587.85
1217952000,576.7
1218038400,575.95
1218124800,580.65
1218384000,591.1
1218470400,625.2
1218556800,614.1
1218643200,571.8
1218988800,574.6
1219075200,569.05
1219161600,579.55
1219248000,564.35
1219334400,575.45
1219593600,580.8
1219680000,570.2
1219766400,560.3
1219852800,556.5
1219939200,578
1220198400,590.05
1220284800,591.45
1220457600,583
1220544000,571.5
1220803200,580.05
1220889600,579.45
1220976000,587.5
1221062400,579.85
1221148800,563.05
1221408000,534.8
1221494400,537
1221580800,495
1221667200,454.45
1221753600,457.45
1222012800,445.3
1222099200,441.3
1222185600,445.35
1222272000,439.1
1222358400,430.8
1222617600,420.85
1222704000,426.85
1222790400,431.85
1222963200,429.9
1223222400,410.7
1223308800,414.65
1223395200,396.85
1223568000,346.6
1223827200,379.1
1223913600,397.3
1224000000,379.4
1224086400,398.9
1224172800,400.1
1224432000,407.95
1224518400,433.8
1224604800,418.85
1224691200,405
1224777600,371.75
1225036800,340.15
1225209600,343.65
1225382400,354.75
1225641600,357.8
1225728000,350
1225814400,355.75
1225900800,349.15
1225987200,341.3
1226246400,344.2
1226332800,346.2
1226419200,339.7
1226592000,323.25
1226851200,327.35
1226937600,324.7
1227024000,310.6
1227110400,287.7
1227196800,286.25
1227456000,279.95
1227542400,274.7
1227628800,267.6
1227801600,257.4
1228060800,264.25
1228147200,259.35
1228233600,262.95
1228320000,271
1228406400,268.85
1228665600,265.25
1228838400,278.75
1228924800,285.25
1229011200,282.95
1229270400,293.8
1229356800,321.55
1229443200,308.55
1229529600,314.55
1229616000,321.8
1229875200,312
1229961600,308.2
1230048000,311.5
1230220800,304.3
1230480000,315.4
1230566400,318.9
1230652800,325.15
1230739200,334.25
1230825600,330.6
1231084800,390.65
1231171200,395.1
1231257600,352.15
1231430400,337.65
1231689600,370.2
1231776000,354.1
1231862400,383.75
1231948800,373.3
1232035200,375.5
1232294400,361.95
1232380800,373.15
1232467200,357.9
1232553600,369.15
1232640000,363.45
1232985600,376.2
1233072000,394.7
1233158400,381.15
1233244800,385.85
1233504000,387.2
1233590400,380.2
1233676800,368.65
1233763200,368.55
1233849600,375.15
1234108800,385.65
1234195200,375.1
1234281600,370.7
1234368000,368.55
1234454400,367.6
1234713600,357.05
1234800000,346.1
1234886400,333.55
1234972800,352.4
1235059200,350.7
1235404800,347.05
1235491200,345.65
1235577600,345.4
1235664000,339.8
1235923200,317.65
1236009600,307
1236096000,315.5
1236182400,310.15
1236268800,309.35
1236528000,299.5
1236787200,298.45
1236873600,311.85
1237132800,311.55
1237219200,309.7
1237305600,324.45
1237392000,312.2
1237478400,314.35
1237737600,321.65
1237824000,315.3
1237910400,323.7
1237996800,322.45
1238083200,309.5
1238342400,317.85
1238428800,323.2
1238515200,340.85
1238601600,346.35
1238947200,382.65
1239120000,366.45
1239206400,376.3
1239552000,381.35
1239724800,397.55
1239811200,380.35
1239897600,375.85
1240156800,378.5
1240243200,379.4
1240329600,388.5
1240416000,390.85
1240502400,404
1240761600,389.4
1240848000,369
1240934400,386
1241366400,404.85
1241452800,411.05
1241539200,402.4
1241625600,410.45
1241712000,413.6
1241971200,404.9
1242057600,409.2
1242144000,437.95
1242230400,462.4
1242316800,471
1242576000,531.6
1242662400,529.7
1242748800,537.5
1242835200,559
1242921600,548.25
1243180800,600.6
1243267200,578.7
1243353600,588.55
1243440000,587.15
1243526400,612.55
1243785600,654.25
1243872000,631
1243958400,601.5
1244044800,619.8
1244131200,627.1
1244390400,621
1244476800,678.9
1244563200,684.15
1244649600,675
1244736000,666.4
1244995200,631.55
1245081600,633.65
1245168000,615.6
1245254400,617.8
1245340800,619.2
1245600000,617.85
1245686400,599.35
1245772800,610.75
1245859200,611.85
1245945600,616.9
1246204800,634.95
1246291200,604.25
1246377600,608.3
1246464000,587.85
1246550400,584.95
1246809600,540.25
1246896000,521.6
1246982400,504.05
1247068800,494.75
1247155200,514.95
1247414400,504.3
1247500800,525.6
1247587200,539.6
1247673600,528.95
1247760000,542.15
1248019200,550.9
1248105600,551.95
1248192000,554.85
1248278400,558.5
1248364800,557.85
1248624000,559.3
1248710400,559.95
1248796800,545.3
1248883200,553.95
1248969600,601.1
1249228800,600
1249315200,599.95
1249401600,595.15
1249488000,572.05
1249574400,540.95
1249833600,559.15
1249920000,547.7
1250006400,544.6
1250092800,554.35
1250179200,553.95
1250438400,540.35
1250524800,538.25
1250611200,533.3
1250697600,530.2
1250784000,528.2
1251043200,536.8
1251129600,543.9
1251216000,551.7
1251302400,586.95
1251388800,570.45
1251648000,559.4
1251734400,537.1
1251820800,526.3
1251907200,545.85
1251993600,549.6
1252252800,565.4
1252339200,544.55
1252425600,540
1252512000,540.25
1252598400,534.8
1252857600,535.15
1252944000,545.45
1253030400,541.05
1253116800,534.65
1253203200,534.25
1253548800,542
1253635200,536.8
1253721600,531.45
1253808000,527.35
1254153600,526.3
1254240000,522.55
1254326400,523.1
1254672000,516.3
1254758400,510.95
1254844800,510.05
1254931200,525.3
1255017600,538.1
1255276800,537.4
1255449600,552.1
1255536000,554.4
1255622400,555.1
1255968000,547.45
1256054400,541.4
1256140800,524.05
1256227200,518.75
1256486400,523.95
1256572800,509.45
1256659200,512.95
1256745600,507.45
1256832000,500.35
1257177600,479.55
1257264000,490.55
1257350400,527.35
1257436800,523.25
1257696000,533.3
1257782400,518.75
1257868800,527.15
1257955200,541.85
1258041600,540.65
1258300800,544.6
1258387200,531.75
1258473600,533.45
1258560000,538.9
1258646400,535.95
1258905600,550
1258992000,546.35
1259078400,548.95
1259164800,545.9
1259251200,532.5
1259510400,543.3
1259596800,555.05
1259683200,563.6
1259769600,572.2
1259856000,568.6
1260115200,558
1260201600,571.95
1260288000,560.15
1260374400,562.15
1260460800,568.4
1260720000,564.3
1260806400,559.05
1260892800,552.7
1260979200,548.8
1261065600,542.25
1261324800,544.95
1261411200,541.65
1261497600,543.45
1261584000,557
1262016000,552.85
1262102400,549.75
1262188800,553.05
1262534400,556.25
1262620800,576.9
1262707200,604.4
1262793600,596.45
1262880000,594.7
1263139200,618.5
1263225600,625.75
1263312000,649.85
1263398400,639.95
1263484800,646.5
1263744000,652.35
1263830400,631.65
1263916800,624.7
1264003200,623.35
1264089600,614.7
1264348800,600.5
1264521600,582.65
1264608000,584.65
1264694400,594.55
1264953600,614.95
1265040000,625.1
1265126400,651.6
1265212800,646.7
1265299200,637.15
1265558400,648.3
1265644800,640.95
1265731200,638
1265817600,640.75
1266163200,637.5
1266249600,636.4
1266336000,683.15
1266422400,667.45
1266508800,655.55
1266768000,645.3
1266854400,647.35
1266940800,639.9
1267027200,665.65
1267113600,672.9
1267459200,687.4
1267545600,714.25
1267632000,714.35
1267718400,717.25
1267977600,732.65
1268064000,714
1268150400,709.4
1268236800,692.35
1268323200,699.15
1268582400,702.3
1268668800,718.7
1268755200,714.85
1268841600,712.75
1268928000,728.25
1269187200,726.95
1269273600,726.5
1269446400,737.15
1269532800,742.55
1269792000,774.95
1269878400,786.85
1269964800,790.25
1270051200,750.25
1270396800,751.25
1270483200,742.55
1270569600,742.45
1270656000,741.55
1270742400,742.9
1271001600,747.6
1271088000,756.9
1271260800,748.35
1271347200,749.2
1271606400,745
1271692800,756.8
1271779200,774.95
1271865600,782.95
1271952000,784.55
1272211200,765.45
1272297600,758.85
1272384000,746.25
1272470400,743.5
1272556800,741.8
1272816000,731.5
1272902400,713.9
1272988800,698.75
1273075200,685.5
1273161600,652.25
1273420800,691.8
1273507200,703.7
1273593600,723.55
1273680000,742
1273766400,714.4
1274025600,701.15
1274112000,687
1274198400,655.8
1274284800,648.9
1274371200,670.75
1274630400,675.55
1274716800,643.35
1274803200,669.7
1274889600,670.25
1274976000,671.25
1275235200,694.2
1275321600,676.05
1275408000,666.8
1275494400,685.2
1275580800,687.95
1275840000,663.15
1275926400,662.55
1276012800,665.15
1276099200,680.5
1276185600,681.05
1276444800,690.05
1276531200,700.4
1276617600,706.05
1276704000,711.95
1276790400,712.1
1277049600,716.7
1277136000,716
1277222400,721.4
1277308800,710.6
1277395200,700.55
1277654400,712.7
1277740800,718.35
1277827200,737.45
1277913600,726.15
1278000000,715.05
1278259200,731.05
1278345600,720.6
1278432000,724.9
1278518400,721.35
1278604800,723.1
1278864000,740.2
1278950400,755.6
1279036800,749.6
1279123200,744.9
1279209600,754.7
1279468800,747.75
1279555200,733.7
1279641600,732.3
1279728000,727.05
1279814400,726.3
1280073600,726.3
1280160000,725.6
1280246400,723.4
1280332800,722.05
1280419200,724.45
1280678400,740.9
1280764800,743.55
1280851200,754.1
1280937600,770.75
1281024000,782.8
1281283200,788.45
1281369600,814.4
1281456000,795.3
1281542400,798.35
1281628800,798.2
1281888000,793.4
1281974400,789.9
1282060800,787.25
1282147200,798.4
1282233600,801.85
1282492800,814.9
1282579200,801.3
1282665600,795.6
1282752000,794.15
1282838400,769
1283097600,764.7
1283184000,767.2
1283270400,777.25
1283356800,762.45
1283443200,765.45
1283702400,788.55
1283788800,778.1
1283875200,790.15
1283961600,790.55
1284307200,799.05
1284393600,802.9
1284480000,807.8
1284566400,788.05
1284652800,822
1284912000,847.85
1284998400,842.5
1285084800,836.9
1285171200,165.65
1285257600,162.75
1285516800,166.6
1285603200,170.6
1285689600,168.1
1285776000,167.05
1285862400,167.55
1286121600,166.45
1286208000,170.1
1286294400,179.75
1286380800,180.9
1286467200,181
1286726400,180.6
1286812800,176.55
1286899200,172.05
1286985600,167
1287072000,161.9
1287331200,159.45
1287417600,165.25
1287504000,164.75
1287590400,173.4
1287676800,170.8
1287936000,164.5
1288022400,164.1
1288108800,160.85
1288195200,155.6
1288281600,151.95
1288540800,155.25
1288627200,153.6
1288713600,159.95
1288800000,160.75
1289145600,161.65
1289232000,161.8
1289318400,159.9
1289404800,155.35
1289491200,152.4
1289750400,151.4
1289836800,148.4
1290009600,147.7
1290096000,145.25
1290355200,146
1290441600,145.15
1290528000,145.15
1290614400,139.2
1290700800,141.55
1290960000,143.1
1291046400,151.05
1291132800,153.2
1291219200,150.55
1291305600,146.9
1291564800,147.15
1291651200,145.5
1291737600,141.45
1291824000,137.6
1291910400,145.9
1292169600,147.7
1292256000,151.5
1292342400,147.8
1292428800,147.8
1292774400,143.9
1292860800,149.35
1292947200,149.4
1293033600,145.2
1293120000,144.2
1293379200,143.95
1293465600,140.9
1293552000,141.5
1293638400,141.6
1293724800,143.65
1293984000,144.75
1294070400,148.25
1294156800,157.55
1294243200,154.65
1294329600,147.6
1294588800,141.05
1294675200,139.35
1294761600,140.2
1294848000,141.1
1294934400,139.2
1295193600,137.1
1295280000,139.5
1295366400,139.5
1295452800,139.5
1295539200,139.75
1295798400,142.25
1295884800,140.1
1296057600,138.1
1296144000,139.15
1296403200,140.1
1296489600,139
1296576000,136.75
1296662400,138.35
1296748800,134.9
1297008000,134.4
1297094400,131.65
1297180800,128.65
1297267200,129.1
1297353600,137.9
1297612800,142.7
1297699200,141.85
1297785600,143.75
1297872000,147.5
1297958400,144.25
1298217600,143.55
1298304000,140.35
1298390400,144.05
1298476800,145.55
1298563200,147.8
1298822400,138.4
1298908800,139
1299081600,136.05
1299168000,133.1
1299427200,131.9
1299513600,132.9
1299600000,131.1
1299686400,133.75
1299772800,131.25
1300032000,133.55
1300118400,130.7
1300204800,131.55
1300291200,133.6
1300377600,133.5
1300636800,131.55
1300723200,131.65
1300809600,131.4
1300896000,132.5
1300982400,137.6
1301241600,137.55
1301328000,136.35
1301414400,136.5
1301500800,136.45
1301587200,140.75
1301846400,147.8
1301932800,156.5
1302019200,153.65
1302105600,156.05
1302192000,154.4
1302451200,146.35
1302624000,147.6
1302796800,146.05
1303056000,150
1303142400,146.95
1303228800,147.85
1303315200,147.05
1303660800,146.7
1303747200,145.2
1303833600,142.4
1303920000,144.95
1304006400,144.35
1304265600,143.8
1304352000,138.75
1304438400,132.8
1304524800,128.9
1304611200,132
1304870400,130.5
1304956800,135.45
1305043200,134.45
1305129600,133.1
1305216000,137.75
1305475200,138.5
1305561600,144.05
1305648000,148.2
1305734400,144.15
1305820800,147.55
1306080000,149.8
1306166400,151.2
1306252800,153.8
1306339200,151.8
1306425600,152.3
1306684800,155.35
1306771200,160.85
1306857600,163.9
1306944000,161.4
1307030400,160.95
1307289600,159.85
1307376000,157.45
1307462400,154.85
1307548800,154.85
1307635200,151.9
1307894400,154.7
1307980800,156.5
1308067200,154.1
1308153600,151.5
1308240000,148
1308499200,146.85
1308585600,148.2
1308672000,147.9
1308758400,149.95
1308844800,153.95
1309104000,156
1309190400,157
1309276800,156.8
1309363200,161.4
1309449600,162.3
1309708800,160.85
1309795200,159.8
1309881600,161.15
1309968000,161.9
1310054400,157.85
1310313600,157
1310400000,154
1310486400,154.65
1310572800,156.05
1310659200,156.65
1310918400,154.9
1311004800,160.2
1311091200,155.7
1311177600,156.8
1311264000,160.55
1311523200,158.75
1311609600,158.85
1311696000,156.15
1311782400,154.85
1311868800,143.8
1312128000,145.2
1312214400,141.35
1312300800,142.65
1312387200,138.95
1312473600,139.55
1312732800,136.25
1312819200,133.25
1312905600,137.9
1312992000,135.65
1313078400,136.7
1313424000,139.2
1313510400,138.15
1313596800,136.25
1313683200,135.6
1313942400,136.55
1314028800,138.05
1314115200,146.55
1314201600,140.35
1314288000,140.2
1314547200,145
1314633600,152.15
1314892800,157
1315152000,157.15
1315238400,154.55
1315324800,159.6
1315411200,160.7
1315497600,154.4
1315756800,152.35
1315843200,152.1
1315929600,149.1
1316016000,149.6
1316102400,150.8
1316361600,153.7
1316448000,154.05
1316534400,156.7
1316620800,146.6
1316707200,149.5
1316966400,152.3
1317052800,157
1317139200,160.2
1317225600,162.65
1317312000,164.25
1317571200,153.55
1317657600,148.1
1317744000,150.5
1317916800,156.05
1318176000,154.9
1318262400,153.75
1318348800,154.9
1318435200,156.35
1318521600,155.5
1318780800,155.8
1318867200,152.35
1318953600,150.7
1319040000,151.7
1319126400,150.15
1319385600,156
1319472000,160.7
1319731200,162.9
1319990400,163.65
1320076800,159.95
1320163200,158.1
1320249600,161.95
1320336000,164.4
1320681600,161.35
1320768000,158.6
1320940800,150.8
1321200000,154.8
1321286400,145
1321372800,132.6
1321459200,132.05
1321545600,137.8
1321804800,135.9
1321891200,132.55
1321977600,123.85
1322064000,118.05
1322150400,123.1
1322409600,126.25
1322496000,128.2
1322582400,125.7
1322668800,126.15
1322755200,130.35
1323014400,128.85
1323187200,132.2
1323273600,128.25
1323360000,127.75
1323619200,128.9
1323705600,128.55
1323792000,129.85
1323878400,127
1323964800,126.3
1324224000,119.6
1324310400,122
1324396800,123.55
1324483200,123.8
1324569600,124.8
1324828800,123.1
1324915200,125.3
1325001600,121.1
1325088000,123.2
1325174400,120.55
1325433600,114.6
1325520000,120.3
1325606400,122.6
1325692800,126.5
1325779200,127.1
1326038400,131.75
1326124800,136.15
1326211200,137.35
1326297600,132.45
1326384000,131.7
1326643200,135.55
1326729600,139.9
1326816000,141.8
1326902400,148.8
1326988800,155.6
1327248000,146.6
1327334400,149.95
1327420800,143.35
1327593600,147.4
1327852800,139.1
1327939200,146
1328025600,144.35
1328112000,150.9
1328198400,149.9
1328457600,148.2
1328544000,139.35
1328630400,140.55
1328716800,138.3
1328803200,142.7
1329062400,143
1329148800,143.35
1329235200,146.7
1329321600,147.65
1329408000,149.7
1329753600,152.5
1329840000,143.85
1329926400,143.9
1330012800,142.4
1330272000,142.95
1330358400,148.4
1330444800,148.35
1330531200,145.65
1330617600,146.35
1330876800,142.7
1330963200,143.25
1331049600,144.7
1331222400,135.4
1331481600,130
1331568000,130.85
1331654400,135.25
1331740800,132
1331827200,133.3
1332086400,131.7
1332172800,132.5
1332259200,131.35
1332345600,126.35
1332432000,123.3
1332691200,120.55
1332777600,121.1
1332864000,118.15
1332950400,123.25
1333036800,129.05
1333296000,129.15
1333382400,129.85
1333468800,131.4
1333900800,133.8
1333987200,132
1334073600,127.3
1334160000,128.65
1334246400,129.9
1334505600,128.8
1334592000,129.6
1334678400,129.9
1334764800,134.15
1334851200,130.8
1335110400,127.4
1335196800,128.55
1335283200,129.35
1335369600,125.05
1335456000,125.65
1335715200,127.45
1335888000,126.55
1335974400,125
1336060800,123.8
1336320000,127.95
1336406400,123.2
1336492800,122.85
1336579200,124.6
1336665600,121
1336924800,114.45
1337011200,114.9
1337097600,111.35
1337184000,113.8
1337270400,112.05
1337529600,112.3
1337616000,111.75
1337702400,110.3
1337788800,112.05
1337875200,114
1338134400,114.65
1338220800,118
1338307200,118.5
1338393600,123
1338480000,124.65
1338739200,123.6
1338825600,122.65
1338912000,124.2
1338998400,125.35
1339084800,124.5
1339344000,123.7
1339430400,122.45
1339516800,120.75
1339603200,114.4
1339689600,115
1339948800,115.15
1340035200,114.9
1340121600,117.3
1340208000,117.8
1340294400,117.8
1340553600,116.8
1340640000,118.25
1340726400,118.3
1340812800,119.25
1340899200,121.2
1341158400,124.85
1341244800,124.3
1341331200,124.6
1341417600,124.05
1341504000,122.5
1341763200,121.2
1341849600,121.15
1341936000,120.6
1342022400,118.9
1342108800,117.05
1342368000,115.6
1342454400,113.35
1342540800,113
1342627200,112.25
1342713600,113.9
1342972800,112.7
1343059200,117.1
1343145600,115.1
1343232000,117.5
1343318400,114.4
1343577600,118.4
1343664000,119.95
1343750400,121.2
1343836800,121.35
1343923200,121.15
1344182400,123.75
1344268800,122.65
1344355200,124
1344441600,126.85
1344528000,126.1
1344787200,124.8
1344873600,127.95
1345046400,127.5
1345132800,123.75
1345478400,120.1
1345564800,116.9
1345651200,111.15
1345737600,111.9
1345996800,108.1
1346083200,108.9
1346169600,109.05
1346256000,114.4
1346342400,112.65
1346601600,115.9
1346688000,116.3
1346774400,115.35
1346860800,114.25
1346947200,113.3
1347206400,113
1347292800,112.45
1347379200,111.05
1347465600,110.4
1347552000,111.6
1347811200,112.05
1347897600,117.05
1348070400,115.6
1348156800,115.85
1348416000,120.1
1348502400,120.3
1348588800,122.9
1348675200,122.2
1348761600,127.35
1349020800,125.3
1349193600,129.15
1349280000,129.1
1349366400,127.9
1349625600,123.5
1349712000,122.55
1349798400,120.55
1349884800,124.35
1349971200,125
1350230400,123.05
1350316800,120.1
1350403200,119.5
1350489600,124.2
1350576000,124.6
1350835200,129.5
1350921600,128.2
1351094400,130.5
1351180800,126.75
1351440000,124.45
1351526400,124.9
1351612800,126.6
1351699200,125
1351785600,127.65
1352044800,127.5
1352131200,134.6
1352217600,131.15
1352304000,130.8
1352390400,127.95
1352649600,129.3
1352908800,131.15
1352995200,127.05
1353254400,127.55
1353340800,123.25
1353427200,123
1353513600,122.7
1353600000,123.1
1353859200,125.25
1353945600,129.3
1354118400,125.4
1354204800,129.7
1354464000,132.15
1354550400,134.45
1354636800,133.65
1354723200,135.05
1354809600,137.7
1355068800,137
1355155200,134.75
1355241600,135.4
1355328000,130.8
1355414400,135.75
1355673600,143
1355760000,143.05
1355846400,145
1355932800,139.75
1356019200,135.25
1356278400,135.2
1356451200,136.25
1356537600,134.2
1356624000,132.9
1356883200,135
1356969600,137.5
1357056000,138.45
1357142400,138
1357228800,137.15
1357488000,140.3
1357574400,137.75
1357660800,135.5
1357747200,135.95
1357833600,131.9
1358092800,135.9
1358179200,136.45
1358265600,135.6
1358352000,134.15
1358438400,132.7
1358697600,135.5
1358784000,135.4
1358870400,133.6
1358956800,129.6
1359043200,130.6
1359302400,136.95
1359388800,145.8
1359475200,142.35
1359561600,150
1359648000,149.9
1359907200,149.8
1359993600,150.6
1360080000,154.65
1360166400,156
1360252800,151.4
1360512000,152.95
1360598400,153.35
1360684800,154.35
1360771200,148.5
1360857600,149.85
1361116800,149.4
1361203200,152.45
1361289600,150.3
1361376000,145.7
1361462400,149.7
1361721600,147.9
1361808000,141.35
1361894400,143.05
1361980800,138.55
1362067200,139.85
1362326400,136
1362412800,145.7
1362499200,144.4
1362585600,145.9
1362672000,145.9
1362931200,142.1
1363017600,138.85
1363104000,135.3
1363190400,139.9
1363276800,138.45
1363536000,138.65
1363622400,135.85
1363708800,132.45
1363795200,126
1363881600,124.15
1364140800,128.1
1364227200,131.7
1364400000,138.75
1364745600,142.2
1364832000,146.75
1364918400,145.7
1365004800,141.15
1365091200,144.5
1365350400,143.6
1365436800,144.6
1365523200,151
1365609600,149.15
1365696000,148.45
1365955200,145.2
1366041600,146.25
1366128000,141.05
1366214400,145.1
1366560000,150.05
1366646400,146.95
1366819200,145.45
1366905600,144.8
1367164800,145.45
1367251200,145.05
1367424000,146.25
1367510400,155.3
1367769600,152.3
1367856000,150.55
1367942400,153.9
1368028800,151.1
1368115200,150.75
1368374400,150.5
1368460800,149.95
1368547200,152.25
1368633600,161.9
1368720000,168.25
1368979200,167.55
1369065600,161.25
1369152000,154.65
1369238400,152.15
1369324800,156.35
1369584000,157.7
1369670400,157.5
1369756800,153.4
1369843200,154.45
1369929600,151.85
1370188800,153.45
1370275200,155.2
1370361600,154.05
1370448000,152.65
1370534400,152
1370793600,151.1
1370880000,148.3
1370966400,144.35
1371052800,143.15
1371139200,148.05
1371398400,149.9
1371484800,154.2
1371571200,150.6
1371657600,148.95
1371744000,151.1
1372003200,150.5
1372089600,145.2
1372176000,147.7
1372262400,149.6
1372348800,149.75
1372608000,151.5
1372694400,150.05
1372780800,149.05
1372867200,148.95
1372953600,148.75
1373212800,149.35
1373299200,149.55
1373385600,149.25
1373472000,149.85
1373558400,152.05
1373817600,149.15
1373904000,148.5
1373990400,146.5
1374076800,149.35
1374163200,146.5
1374422400,145.3
1374508800,146.45
1374595200,145.4
1374681600,147.3
1374768000,143.5
1375027200,139.45
1375113600,135.85
1375200000,125.4
1375286400,140.7
1375372800,125.55
1375632000,123.85
1375718400,129.65
1375804800,133.95
1375891200,141.25
1376236800,144.2
1376323200,144.3
1376409600,145.25
1376582400,142
1376841600,131.7
1376928000,127.8
1377014400,126.9
1377100800,122.5
1377187200,123.3
1377446400,123.7
1377532800,123.55
1377619200,122.85
1377705600,127.3
1377792000,125.55
1378051200,130.55
1378137600,122.15
1378224000,123.45
1378310400,122.9
1378396800,126.9
1378742400,129.2
1378828800,128.2
1378915200,129
1379001600,135.85
1379260800,135.75
1379347200,132.4
1379433600,132.9
1379520000,138.3
1379606400,139.35
1379865600,139.35
1379952000,138.65
1380038400,140.25
1380124800,140.95
1380211200,140.6
1380470400,138.45
1380556800,138.6
1380729600,140.75
1380816000,143.2
1381075200,144.3
1381161600,144.65
1381248000,145.8
1381334400,145.9
1381420800,150.25
1381680000,150.85
1381766400,151.2
1381939200,149.85
1382025600,152.6
1382284800,156.95
1382371200,159.7
1382457600,158.85
1382544000,154.6
1382630400,144.35
1382889600,145.05
1382976000,144.85
1383062400,146.2
1383148800,145.65
1383235200,144.95
1383580800,151.5
1383667200,150.7
1383753600,148.2
1383840000,148.4
1384099200,149.6
1384185600,146
1384272000,145.5
1384358400,152.85
1384704000,154.5
1384790400,154.5
1384876800,155.9
1384963200,151.9
1385049600,153.05
1385308800,161.2
1385395200,157.7
1385481600,151.6
1385568000,156.95
1385654400,158.05
1385913600,159.5
1386000000,158.25
1386086400,154.8
1386172800,160.4
1386259200,163.45
1386518400,164.55
1386604800,159.9
1386691200,156.8
1386777600,154.05
1386864000,152
1387123200,156.35
1387209600,157.75
1387296000,158.25
1387382400,167.1
1387468800,163.4
1387728000,161.8
1387814400,159.25
1387987200,160.05
1388073600,159.95
1388332800,157
1388419200,155.3
1388505600,156.15
1388592000,152.6
1388678400,150.1
1388937600,150.8
1389024000,146.05
1389110400,150.35
1389196800,149.6
1389283200,148.15
1389542400,143.8
1389628800,147.05
1389715200,149.7
1389801600,150.3
1389888000,148.8
1390147200,150.95
1390233600,147.5
1390320000,147.65
1390406400,148.25
1390492800,144.75
1390752000,143.95
1390838400,141.9
1390924800,146.55
1391011200,141.75
1391097600,146.55
1391356800,143.9
1391443200,146.75
1391529600,145.75
1391616000,146.15
1391702400,147.75
1391961600,147.85
1392048000,148.1
1392134400,145.8
1392220800,143.85
1392307200,147
1392566400,150.8
1392652800,159.15
1392739200,163.75
1392825600,164.75
1392912000,166.7
1393171200,164.65
1393257600,158.95
1393344000,160.25
1393516800,167.25
1393776000,171.45
1393862400,175.5
1393948800,176.2
1394035200,178.5
1394121600,186.9
1394380800,187.9
1394467200,184.4
1394553600,183.25
1394640000,179.5
1394726400,183.15
1395072000,188.1
1395158400,185.6
1395244800,181.75
1395331200,181.45
1395590400,178.15
1395676800,179.85
1395763200,178.7
1395849600,179.75
1395936000,186
1396195200,187.5
1396281600,186
1396368000,186.1
1396454400,181.55
1396540800,179.95
1396800000,177.3
1396972800,183.25
1397059200,193.65
1397145600,193.65
1397491200,186.85
1397577600,193.9
1397664000,198.25
1398009600,204.1
1398096000,204.8
1398182400,204.7
1398355200,198.7
1398614400,192.55
1398700800,191.65
1398787200,188.3
1398960000,186.1
1399219200,186.05
1399305600,192.2
1399392000,189.55
1399478400,190.15
1399564800,204.6
1399824000,204.85
1399910400,224.25
1399996800,217.15
1400083200,220.35
1400169600,224.65
1400428800,231.65
1400515200,235.85
1400601600,225.95
1400688000,225.75
1400774400,227.45
1401033600,222.65
1401120000,214.25
1401206400,220.55
1401292800,212.8
1401379200,225.85
1401638400,226.1
1401724800,240.25
1401811200,243.8
1401897600,241.55
1401984000,257.55
1402243200,254.55
1402329600,246.1
1402416000,237.7
1402502400,236.9
1402588800,230.55
1402848000,228.1
1402934400,235.55
1403020800,231.1
1403107200,226.45
1403193600,232.25
1403452800,236.4
1403539200,238.2
1403625600,237.25
1403712000,234.6
1403798400,231.5
1404057600,243.5
1404144000,244.1
1404230400,270.9
1404316800,270.4
1404403200,275.15
1404662400,280.4
1404748800,258.1
1404835200,264.8
1404921600,270.25
1405008000,249.25
1405267200,252.75
1405353600,263.15
1405440000,281.1
1405526400,285.6
1405612800,287.75
1405872000,287.25
1405958400,285
1406044800,280
1406131200,275.8
1406217600,268.25
1406476800,266.1
1406649600,263.45
1406736000,260.7
1406822400,259.1
1407081600,265.25
1407168000,266.7
1407254400,268.05
1407340800,265.9
1407427200,262.05
1407686400,269.95
1407772800,271.75
1407859200,274.35
1407945600,272.4
1408291200,273.95
1408377600,286.1
1408464000,293.25
1408550400,296.3
1408636800,297.3
1408896000,293.05
1408982400,297.85
1409068800,288.1
1409155200,282.85
1409500800,286.4
1409587200,288.75
1409673600,289
1409760000,289.25
1409846400,289.45
1410105600,299.55
1410192000,295.1
1410278400,292.7
1410364800,293.15
1410451200,293.35
1410710400,291
1410796800,279.45
1410883200,281.75
1410969600,293.85
1411056000,284.6
1411315200,285.6
1411401600,273.45
1411488000,268.05
1411574400,268.6
1411660800,279.1
1411920000,280.7
1412006400,277.95
1412092800,274.6
1412611200,259.85
1412697600,261
1412784000,269
1412870400,258.75
1413129600,260.35
1413216000,259.35
1413388800,252.6
1413475200,250.2
1413734400,258.75
1413820800,261.9
1413907200,268.15
1414339200,263.25
1414425600,261.05
1414512000,271.5
1414598400,271.2
1414684800,284.55
1414944000,290.95
1415116800,288.6
1415289600,292.8
1415548800,291.25
1415635200,291.35
1415721600,300.6
1415808000,294.35
1415894400,297.25
1416153600,296.55
1416240000,302.8
1416326400,299.95
1416412800,300.1
1416499200,302.45
1416758400,306.05
1416844800,297.9
1416931200,296.15
1417017600,291.1
1417104000,290.3
1417363200,289
1417449600,285.85
1417536000,291
1417622400,286.65
1417708800,284.55
1417968000,276.4
1418054400,269.5
1418140800,275.3
1418227200,278.05
1418313600,277.85
1418572800,288.4
1418659200,274.05
1418745600,273.65
1418832000,290.2
1418918400,289.1
1419177600,289.95
1419264000,288
1419350400,283.05
1419523200,288.55
1419782400,292.8
1419868800,315.35
1419955200,318.45
1420041600,319.65
1420128000,320
1420387200,323
1420473600,321.7
1420560000,321.2
1420646400,334
1420732800,331.15
1420992000,328.35
1421078400,323
1421164800,331.1
1421251200,330.7
1421337600,330.95
1421596800,328.55
1421683200,330.55
1421769600,328.8
1421856000,329.3
1421942400,346.05
1422288000,344.65
1422374400,339.85
1422460800,343.6
1422547200,340.5
1422806400,335.5
1422892800,327.3
1422979200,321.85
1423065600,311.7
1423152000,300.1
1423411200,300.2
1423497600,317
1423584000,325.9
1423670400,336.7
1423756800,335.5
1424016000,331.5
1424188800,333.65
1424275200,334.15
1424361600,329.25
1424620800,323.35
1424707200,334.15
1424793600,328.5
1424880000,327.6
1424966400,345.9
1425225600,330.4
1425312000,336.35
1425398400,332.2
1425484800,332.5
1425830400,323.9
1425916800,317.6
1426003200,307.6
1426089600,310.35
1426176000,306.7
1426435200,312.8
1426521600,318.45
1426608000,316.9
1426694400,312.45
1426780800,307.95
1427040000,304
1427126400,306.8
1427212800,313.85
1427299200,304.9
1427385600,304.3
1427644800,308.35
1427731200,308.05
1427817600,310.7
1428249600,320.8
1428336000,323.85
1428422400,318.95
1428508800,316.45
1428595200,319.45
1428854400,329.75
1429027200,325.35
1429113600,326.8
1429200000,323.65
1429459200,313.4
1429545600,314.45
1429632000,313.35
1429718400,318
1429804800,316.1
1430064000,306.55
1430150400,305.9
1430236800,313.2
1430323200,317.6
1430668800,346.4
1430755200,342.95
1430841600,331.1
1430928000,322.5
1431014400,334.95
1431273600,343.9
1431360000,334.6
1431446400,340.85
1431532800,334.05
1431619200,329.1
1431878400,339.15
1431964800,339.55
1432051200,342.45
1432137600,348.3
1432224000,348.85
1432483200,343.2
1432569600,345.05
1432656000,339.1
1432742400,333.35
1432828800,323.65
1433088000,311.6
1433174400,309.5
1433260800,297.75
1433347200,311.25
1433433600,311
1433692800,302.45
1433779200,306.6
1433865600,313.05
1433952000,304.85
1434038400,312.25
1434297600,310.25
1434384000,313.3
1434470400,311
1434556800,310.9
1434643200,304.6
1434902400,310.75
1434988800,316
1435075200,311.7
1435161600,312.65
1435248000,311.15
1435507200,306.1
1435593600,307.9
1435680000,310.9
1435766400,316.25
1435852800,320.1
1436112000,320.05
1436198400,332.95
1436284800,320.4
1436371200,315.25
1436457600,316.95
1436716800,321.5
1436803200,316
1436889600,319.6
1436976000,326.95
1437062400,329.25
1437321600,329.1
1437408000,322.45
1437494400,324.55
1437580800,331.3
1437667200,323.6
1437926400,313.5
1438012800,313.15
1438099200,314.6
1438185600,318
1438272000,324.05
1438531200,330.5
1438617600,339.4
1438704000,338.95
1438790400,345.95
1438876800,339.7
1439136000,338.2
1439222400,332.15
1439308800,321.85
1439395200,334.7
1439481600,363.65
1439740800,358.3
1439827200,363.65
1439913600,365.4
1440000000,368.65
1440086400,364.7
1440345600,334.65
1440432000,345.1
1440518400,347.95
1440604800,356.95
1440691200,362.6
1440950400,354.5
1441036800,342.1
1441123200,334.65
1441209600,339.5
1441296000,339.7
1441555200,322.7
1441641600,317.55
1441728000,323.95
1441814400,326.1
1441900800,323.35
1442160000,329.95
1442246400,332.15
1442332800,333.85
1442505600,339
1442764800,332.8
1442851200,319.1
1442937600,311
1443024000,301.8
1443369600,307
1443456000,297.35
1443542400,299.35
1443628800,304.65
1443974400,317.25
1444060800,315.2
1444147200,314.6
1444233600,320.7
1444320000,318.45
1444579200,320.4
1444665600,322.55
1444752000,324.2
1444838400,328.8
1444924800,324.5
1445184000,317.75
1445270400,309.75
1445356800,314.1
1445529600,314.05
1445788800,316.35
1445875200,311.2
1445961600,300.75
1446048000,300.05
1446134400,295.55
1446393600,295.45
1446480000,291.05
1446566400,289.3
1446652800,284.35
1446739200,284.9
1446998400,276.65
1447084800,265.6
1447344000,267.25
1447603200,272.45
1447689600,270.55
1447776000,267.55
1447862400,270.95
1447948800,269.75
1448208000,276.55
1448294400,270.95
1448467200,268.35
1448553600,268.9
1448812800,268.2
1448899200,263.65
1448985600,262.05
1449072000,259.35
1449158400,255.45
1449417600,255.3
1449504000,251.25
1449590400,243.9
1449676800,246.8
1449763200,241.1
1450022400,254.6
1450108800,251.75
1450195200,251.6
1450281600,256.05
1450368000,260.25
1450627200,260.75
1450713600,257.7
1450800000,257.15
1450886400,258.5
1451232000,261.5
1451318400,263.45
1451404800,261.55
1451491200,260.6
1451577600,267.5
1451836800,257.7
1451923200,256.05
1452009600,251.5
1452096000,244.55
1452182400,241.55
1452441600,234
1452528000,236.2
1452614400,229.95
1452700800,227.45
1452787200,218.15
1453046400,219.45
1453132800,232.4
1453219200,219.55
1453305600,221.1
1453392000,221.7
1453651200,218.4
1453824000,215.4
1453910400,211.4
1453996800,212.7
1454256000,220.5
1454342400,212.95
1454428800,209.9
1454515200,214.6
1454601600,211.2
1454860800,211.65
1454947200,210.05
1455033600,202.55
1455120000,188.5
1455206400,178.7
1455465600,191.25
1455552000,200.4
1455638400,212.1
1455724800,209.75
1455811200,208.7
1456070400,205.8
1456156800,203.9
1456243200,200.3
1456329600,198.4
1456416000,200.15
1456675200,196.1
1456761600,206.5
1456848000,218.8
1456934400,226.95
1457020800,225.5
1457366400,227.75
1457452800,226.5
1457539200,226.35
1457625600,230.45
1457884800,231.95
1457971200,228
1458057600,228.15
1458144000,235.2
1458230400,241.45
1458489600,243.75
1458576000,239.3
1458662400,238.2
1459094400,235.7
1459180800,237.95
1459267200,245.85
1459353600,247.7
1459440000,242.75
1459699200,242.45
1459785600,227.35
1459872000,224.65
1459958400,217.1
1460044800,218.95
1460304000,228.9
1460390400,233.3
1460476800,233.05
1460908800,230.9
1461081600,232.85
1461168000,230.05
1461254400,230.5
1461513600,231.9
1461600000,229.1
1461686400,240.75
1461772800,235.4
1461859200,238.25
1462118400,233.65
1462204800,235.9
1462291200,207.65
1462377600,198.65
1462464000,194.95
1462723200,196.95
1462809600,195
1462896000,193.3
1462982400,195.2
1463068800,188.4
1463328000,185.8
1463414400,183.4
1463500800,183.1
1463587200,171.85
1463673600,177.85
1463932800,181
1464019200,180.35
1464105600,182.7
1464192000,184.8
1464278400,191.55
1464537600,190.3
1464624000,192.6
1464710400,202.2
1464796800,204.95
1464883200,204.35
1465142400,203.95
1465228800,205.65
1465315200,203.7
1465401600,202.05
1465488000,202.55
1465747200,202.45
1465833600,207.85
1465920000,207.4
1466006400,207.45
1466092800,207.3
1466352000,206.75
1466438400,203.2
1466524800,207
1466611200,207.7
1466697600,202.35
1466956800,204.6
1467043200,203.4
1467129600,203.5
1467216000,206.7
1467302400,204.55
1467561600,213.2
1467648000,214.35
1467820800,210.4
1467907200,207.05
1468166400,216.95
1468252800,217.55
1468339200,216.6
1468425600,216.8
1468512000,219.8
1468771200,218
1468857600,220.3
1468944000,220.8
1469030400,223.3
1469116800,224.5
1469376000,226.1
1469462400,224.35
1469548800,228.45
1469635200,225.3
1469721600,231.95
1469980800,228.45
1470067200,224.75
1470153600,223.3
1470240000,227.9
1470326400,233.85
1470585600,240.4
1470672000,239.55
1470758400,258.55
1470844800,253.6
1470931200,257.3
1471276800,273.05
1471363200,266.65
1471449600,274.4
1471536000,273
1471795200,270.6
1471881600,272.5
1471968000,270.3
1472054400,262.15
1472140800,257.55
1472400000,262.3
1472486400,263.2
1472572800,262.7
1472659200,258.95
1472745600,268.15
1473091200,270.55
1473177600,271.9
1473264000,275.2
1473350400,271.45
1473609600,259.6
1473782400,264.95
1473868800,267.2
1473955200,271.75
1474214400,276.1
1474300800,270.15
1474387200,269.65
1474473600,275.2
1474560000,275.25
1474819200,270.45
1474905600,264.5
1474992000,270.5
1475078400,256.95
1475164800,256.75
1475424000,264.45
1475510400,268.3
1475596800,265.75
1475683200,264.65
1475769600,267.05
1476028800,264
1476288000,251.65
1476374400,254.45
1476633600,250.9
1476720000,266.7
1476806400,271.35
1476892800,285.2
1476979200,285.75
1477238400,285.65
1477324800,312.6
1477411200,305
1477497600,304.95
1477584000,307.05
1477929600,304.6
1478016000,299.85
1478102400,288.1
1478188800,288.55
1478448000,293.65
1478534400,290.9
1478620800,282.25
1478707200,293.7
1478793600,276.5
1479139200,266.9
1479225600,264.35
1479312000,264.1
1479398400,260.8
1479657600,255.15
1479744000,260.5
1479830400,263.5
1479916800,258.05
1480003200,265.3
1480262400,272.2
1480348800,276.3
1480435200,277.75
1480521600,275
1480608000,266.4
1480867200,269.25
1480953600,272.05
1481040000,277.1
1481126400,286.25
1481212800,285.75
1481472000,281.4
1481558400,286.1
1481644800,283.7
1481731200,284.55
1481817600,280.1
1482076800,276.4
1482163200,272.25
1482249600,273.75
1482336000,263.9
1482422400,262.95
1482681600,259.35
1482768000,266.8
1482854400,268.05
1482940800,264.8
1483027200,268.1
1483286400,273.75
1483372800,274.05
1483459200,274.35
1483545600,287.75
1483632000,285.45
1483891200,284.8
1483977600,294.05
1484064000,295.7
1484150400,293.15
1484236800,293.65
1484496000,299.85
1484582400,294.55
1484668800,291.8
1484755200,295
1484841600,284.4
1485100800,286.35
1485187200,293.25
1485273600,303.85
1485446400,303.55
1485705600,303.2
1485792000,293.4
1485878400,303.95
1485964800,303.4
1486051200,303.55
1486310400,309.6
1486396800,303.85
1486483200,303.85
1486569600,304.45
1486656000,311.25
1486915200,309.2
1487001600,306.9
1487088000,300.5
1487174400,298.25
1487260800,297.65
1487520000,300.5
1487606400,304.05
1487692800,300.05
1487779200,297.45
1488124800,296.75
1488211200,301.75
1488297600,303
1488384000,293.7
1488470400,296.2
1488729600,302.35
1488816000,308.3
1488902400,306.75
1488988800,300.75
1489075200,299.4
1489420800,308.15
1489507200,309.9
1489593600,324.55
1489680000,324.6
1489939200,325.25
1490025600,325.5
1490112000,322.4
1490198400,325.1
1490284800,323.1
1490544000,319.15
1490630400,320.8
1490716800,320.35
1490803200,338.85
1490889600,339.8
1491148800,341.85
1491321600,357.25
1491408000,356
1491494400,347.55
1491753600,351.25
1491840000,334.45
1491926400,327.55
1492012800,320.4
1492358400,320
1492444800,319.7
1492531200,325.7
1492617600,331.65
1492704000,325.95
1492963200,331.3
1493049600,331.55
1493136000,324
1493222400,322.85
1493308800,326.9
1493654400,330.7
1493740800,327.55
1493827200,339.6
1493913600,344.9
1494172800,342.3
1494259200,347.65
1494345600,350.95
1494432000,358.95
1494518400,357.15
1494777600,355.25
1494864000,354.2
1494950400,349.25
1495036800,347.95
1495123200,349.2
1495382400,353.95
1495468800,332.05
1495555200,340.05
1495641600,340.75
1495728000,346.95
1495987200,328.3
1496073600,339.55
1496160000,338.95
1496246400,349.8
1496332800,357.25
1496592000,360.9
1496678400,361.85
1496764800,359.7
1496851200,359.05
1496937600,359.8
1497196800,357.1
1497283200,359.5
1497369600,359.7
1497456000,360.25
1497542400,362.65
1497801600,373.7
1497888000,375.7
1497974400,369.55
1498060800,369.3
1498147200,365.2
1498492800,367.25
1498579200,364.3
1498665600,364.15
1498752000,362.45
1499011200,368.05
1499097600,371.25
1499184000,372.2
1499270400,372.1
1499356800,370.85
1499616000,375.45
1499702400,372
1499788800,373.65
1499875200,375.15
1499961600,374.8
1500220800,381.6
1500307200,381.6
1500393600,380.6
1500480000,380
1500566400,381.35
1500825600,387.2
1500912000,389.85
1500998400,393.1
1501084800,392.55
1501171200,396.1
1501430400,396.35
1501516800,402.95
1501603200,411.35
1501689600,407.55
1501776000,406.9
1502035200,413.35
1502121600,414
1502208000,396.95
1502294400,386.4
1502380800,383.9
1502640000,395.7
1502812800,397.45
1502899200,390.25
1502985600,386.65
1503244800,376.05
1503331200,374.5
1503417600,385.05
1503504000,379.95
1503849600,387
1503936000,382.25
1504022400,389.65
1504108800,392.45
1504195200,394.55
1504454400,384.3
1504540800,390.45
1504627200,385.9
1504713600,387.95
1504800000,384.95
1505059200,385.8
1505145600,389
1505232000,389.9
1505318400,403.3
1505404800,404
1505664000,404.7
1505750400,405.9
1505836800,409.55
1505923200,410.05
1506009600,401.25
1506268800,388.05
1506355200,390.55
1506441600,371.6
1506528000,371.55
1506614400,376.2
1506960000,382.6
1507046400,387
1507132800,386
1507219200,388.9
1507478400,394.75
1507564800,396.45
1507651200,397.05
1507737600,403.75
1507824000,407.9
1508083200,406.85
1508169600,406.95
1508256000,407
1508688000,406.95
1508774400,406.1
1508860800,414.95
1508947200,414
1509033600,431.85
1509292800,429.9
1509379200,430.3
1509465600,433.7
1509552000,437.25
1509638400,434.3
1509897600,437.9
1509984000,432.15
1510070400,429.85
1510156800,433.55
1510243200,431.8
1510502400,414.05
1510588800,410.65
1510675200,407.25
1510761600,397
1510848000,400.75
1511107200,399
1511193600,401.2
1511280000,414.3
1511366400,407.2
1511452800,404.95
1511712000,400.35
1511798400,397.95
1511884800,402.55
1511971200,398.85
1512057600,386.9
1512316800,388
1512403200,388
1512489600,386.15
1512576000,390.55
1512662400,392.6
1512921600,391.95
1513008000,401.6
1513094400,393.7
1513180800,395.05
1513267200,401.95
1513526400,404.3
1513612800,405.85
1513699200,404.75
1513785600,403.45
1513872000,402.45
1514217600,404.2
1514304000,403.55
1514390400,398.75
1514476800,404.65
1514736000,400.4
1514822400,396.8
1514908800,407.85
1514995200,409.25
1515081600,424.45
1515340800,424.15
1515427200,419.35
1515513600,423.75
1515600000,425.05
1515686400,423.15
1515945600,420.5
1516032000,422.75
1516118400,433.05
1516204800,414.35
1516291200,433.75
1516550400,437.7
1516636800,437.45
1516723200,448.2
1516809600,437.6
1517155200,436.55
1517241600,428.5
1517328000,428.45
1517414400,428.35
1517500800,417.45
1517760000,409.1
1517846400,404.9
1517932800,406.75
1518019200,405
1518105600,399.55
1518364800,403.6
1518537600,411.9
1518624000,411.4
1518710400,404.4
1518969600,393.4
1519056000,395.1
1519142400,395.55
1519228800,404.1
1519315200,406
1519574400,414.9
1519660800,410.8
1519747200,408.25
1519833600,405.5
1520179200,404.2
1520265600,403.8
1520352000,377.45
1520438400,388.6
1520524800,377.3
1520784000,386.05
1520870400,384.75
1520956800,382.4
1521043200,382.1
1521129600,371.05
1521388800,363.85
1521475200,369.2
1521561600,363.9
1521648000,358.15
1521734400,361.7
1521993600,364.9
1522080000,365.35
1522166400,354.65
1522598400,370
1522684800,366.8
1522771200,367.35
1522857600,375.25
1522944000,378.3
1523203200,376.1
1523289600,386.45
1523376000,377.7
1523462400,372.05
1523548800,381.95
1523808000,387.8
1523894400,382.85
1523980800,384.55
1524067200,386.45
1524153600,381.25
1524412800,385.25
1524499200,391.95
1524585600,392.1
1524672000,396.45
1524758400,401.45
1525017600,406.45
1525190400,399.9
1525276800,396.8
1525363200,408.2
1525622400,411.15
1525708800,412.35
1525795200,412.45
1525881600,409.65
1525968000,411.65
1526227200,407.8
1526313600,408.75
1526400000,403.9
1526486400,397.95
1526572800,389.35
1526832000,383.8
1526918400,380.35
1527004800,373.5
1527091200,371.2
1527177600,379.9
1527436800,378.85
1527523200,377.3
1527609600,374.6
1527696000,392.2
1527782400,387.15
1528041600,377.6
1528128000,373.6
1528214400,375.7
1528300800,379.4
1528387200,379.5
1528646400,381.6
1528732800,387.9
1528819200,382.15
1528905600,375.45
1528992000,372.85
1529251200,370.05
1529337600,362.65
1529424000,366
1529510400,366.85
1529596800,366
1529856000,360.95
1529942400,363.35
1530028800,364.7
1530115200,362.05
1530201600,372
1530460800,363.2
1530547200,362.55
1530633600,360.25
1530720000,361.7
1530806400,366.1
1531065600,367
1531152000,370.6
1531238400,373.25
1531324800,369.35
1531411200,370.1
1531670400,360.15
1531756800,367.15
1531843200,364.1
1531929600,369.15
1532016000,369.9
1532275200,384.05
1532361600,391.5
1532448000,397.5
1532534400,400
1532620800,394.25
1532880000,390.7
1532966400,400.1
1533052800,398.75
1533139200,399
1533225600,399.75
1533484800,397.75
1533571200,371.95
1533657600,374.2
1533744000,376.9
1533830400,378.45
1534089600,377.35
1534176000,373.35
1534348800,369.95
1534435200,373.95
1534694400,377.55
1534780800,377.45
1534953600,383.8
1535040000,376.2
1535299200,378.95
1535385600,387.3
1535472000,385.6
1535558400,383.3
1535644800,383.35
1535904000,384.65
1535990400,372.75
1536076800,378.45
1536163200,384.35
1536249600,377.1
1536508800,371.75
1536595200,364.7
1536681600,376.15
1536854400,380.05
1537113600,381.45
1537200000,377.55
1537286400,372.95
1537459200,362
1537718400,345.75
1537804800,338.7
1537891200,338.3
1537977600,334.65
1538064000,328.45
1538323200,330.5
1538496000,329.7
1538582400,315.95
1538668800,302.05
1538928000,304.25
1539014400,318
1539100800,326.25
1539187200,314.3
1539273600,323.45
1539532800,321.6
1539619200,333
1539705600,314.3
1539878400,315.7
1540137600,314.7
1540224000,318.25
1540310400,313.8
1540396800,304.45
1540483200,304.3
1540742400,326.6
1540828800,321.85
1540915200,319.1
1541001600,319.25
1541088000,333.5
1541347200,329.05
1541433600,325.75
1541692800,336.85
1541952000,328.6
1542038400,334
1542124800,331.4
1542211200,345.3
1542297600,346.65
1542556800,349.8
1542643200,354.15
1542729600,360.9
1542816000,367.15
1543161600,369.15
1543248000,368.6
1543334400,365.3
1543420800,369.35
1543507200,365.9
1543766400,375.45
1543852800,373.85
1543939200,374.15
1544025600,363.9
1544112000,373.75
1544371200,359.35
1544457600,356.9
1544544000,374.4
1544630400,371.35
1544716800,368.95
1544976000,371.4
1545062400,372.7
1545148800,375.55
1545235200,375.1
1545321600,359.2
1545580800,360.95
1545753600,376.7
1545840000,383.6
1545926400,386.3
1546185600,387.35
1546272000,388.8
1546358400,380.95
1546444800,378.45
1546531200,381.5
1546790400,381.8
1546876800,378.9
1546963200,377.4
1547049600,379.85
1547136000,377
1547395200,374.25
1547481600,384.75
1547568000,389.4
1547654400,394.7
1547740800,398.6
1548000000,395.95
1548086400,391.85
1548172800,386.7
1548259200,380.75
1548345600,374.7
1548604800,327.05
1548691200,347.95
1548777600,338.35
1548864000,339.85
1548950400,339.1
1549209600,335.75
1549296000,339.5
1549382400,331.15
1549468800,332.75
1549555200,330.9
1549814400,328.8
1549900800,327.1
1549987200,341.6
1550073600,349.1
1550160000,349.3
1550419200,347.2
1550505600,339.7
1550592000,355
1550678400,355.7
1550764800,354.1
1551024000,324.85
1551110400,323.55
1551196800,324.9
1551283200,325.35
1551369600,333.45
1551715200,339.5
1551801600,337.5
1551888000,340.85
1551974400,342.7
1552233600,350.6
1552320000,360.85
1552406400,366.4
1552492800,364.95
1552579200,366.1
1552838400,369.2
1552924800,365.9
1553011200,360.55
1553184000,360.35
1553443200,360.75
1553529600,368.7
1553616000,365.7
1553702400,381.5
1553788800,378
1554048000,382.4
1554134400,379.65
1554220800,381.05
1554307200,380.6
1554393600,387
1554652800,379.4
1554739200,379.75
1554825600,383.65
1554912000,379.95
1554998400,385.3
1555257600,387.6
1555344000,395.7
1555516800,390.05
1555862400,390.85
1555948800,391.1
1556035200,391.95
1556121600,390.95
1556208000,391.05
1556553600,392
1556726400,394.3
1556812800,386.8
1557072000,379.5
1557158400,372.25
1557244800,369.55
1557331200,363.85
1557417600,373.1
1557676800,364.15
1557763200,370.8
1557849600,360.5
1557936000,371
1558022400,366.9
1558281600,400.3
1558368000,387
1558454400,386.8
1558540800,407.7
1558627200,409.4
1558886400,412.55
1558972800,412.5
1559059200,405.8
1559145600,409.05
1559232000,414.85
1559491200,423.9
1559577600,425.4
1559750400,426.4
1559836800,424.9
1560096000,425.5
1560182400,426.05
1560268800,424.5
1560355200,424.75
1560441600,426.25
1560700800,422.95
1560787200,421.1
1560873600,407.75
1560960000,401.25
1561046400,402.1
1561305600,405.75
1561392000,405.65
1561478400,415
1561564800,406.35
1561651200,410
1561910400,412.95
1561996800,413.95
1562083200,415
1562169600,415.25
1562256000,402.6
1562515200,397.7
1562601600,404.9
1562688000,404.5
1562774400,412.8
1562860800,415.15
1563120000,409.3
1563206400,418.1
1563292800,416.95
1563379200,412.45
1563465600,405.35
1563724800,407.15
1563811200,399.6
1563897600,380.8
1563984000,380.2
1564070400,381.45
1564329600,373.7
1564416000,373.3
1564502400,377.55
1564588800,370.9
1564675200,374.9
1564934400,368.15
1565020800,376.95
1565107200,372.3
1565193600,374
1565280000,376.3
1565625600,360.9
1565712000,358.8
1565884800,357.35
1566144000,357.25
1566230400,355.1
1566316800,350.3
1566403200,345
1566489600,349.4
1566748800,368.1
1566835200,372.3
1566921600,366.05
1567008000,366.3
1567094400,365.5
1567440000,361.05
1567526400,364.1
1567612800,366.55
1567699200,365.7
1567958400,369.6
1568131200,373.3
1568217600,372.5
1568304000,374
1568563200,370.35
1568649600,365.6
1568736000,365.85
1568822400,361.85
1568908800,380.55
1569168000,411.5
1569254400,413.65
1569340800,414.9
1569427200,419
1569513600,408.75
1569772800,413.7
1569859200,404.25
1570032000,403.75
1570118400,394.65
1570377600,395.25
1570550400,400.2
1570636800,399.95
1570723200,408.85
1570982400,406.95
1571068800,413.9
1571155200,409.85
1571241600,408.95
1571328000,421.7
1571673600,420.85
1571760000,396.25
1571846400,399.35
1571932800,398.6
1572278400,398.85
1572364800,397.45
1572451200,395.55
1572537600,389.3
1572796800,390.95
1572883200,389.75
1572969600,390.6
1573056000,390.4
1573142400,386
1573401600,387.55
1573574400,370.65
1573660800,368.7
1573747200,366.4
1574006400,365.6
1574092800,363.9
1574179200,366.5
1574265600,372.25
1574352000,371.2
1574611200,374.65
1574697600,369.75
1574784000,373
1574870400,372.6
1574956800,382.15
1575216000,377.85
1575302400,361.95
1575388800,367.8
1575475200,368.65
1575561600,366.25
1575820800,373.5
1575907200,366.75
1575993600,370.05
1576080000,372.3
1576166400,377.1
1576425600,367.85
1576512000,371.15
1576598400,374.55
1576684800,370.45
1576771200,372.25
1577030400,366.8
1577116800,368.85
1577289600,363.5
1577376000,363.65
1577635200,365.7
1577721600,365.95
1577808000,377.65
1577894400,383.45
1577980800,382.7
1578240000,380.2
1578326400,384.65
1578412800,385.65
1578499200,391.7
1578585600,391.8
1578844800,390.25
1578931200,389.3
1579017600,390.8
1579104000,390.7
1579190400,387.45
1579449600,380
1579536000,379.9
1579622400,383.85
1579708800,385.9
1579795200,384.75
1580054400,381.1
1580140800,372.9
1580227200,383.3
1580313600,377.95
1580400000,369.15
1580659200,367.9
1580745600,372.6
1580832000,366.5
1580918400,370.1
1581004800,369.45
1581264000,368.4
1581350400,374.35
1581436800,374
1581523200,369.5
1581609600,366.8
1581868800,362.8
1581955200,366.55
1582041600,371.15
1582128000,370.65
1582473600,362.2
1582560000,358.35
1582646400,358.75
1582732800,353.5
1582819200,342.55
1583078400,340.65
1583164800,347.05
1583251200,346.25
1583337600,349.75
1583424000,341.35
1583683200,321.7
1583856000,319.4
1583942400,286.7
1584028800,292.7
1584288000,261.4
1584374400,267.35
1584460800,260.4
1584547200,258.3
1584633600,257.05
1584892800,207.45
1584979200,232.5
1585065600,255.85
1585152000,248.2
1585238400,251.75
1585497600,251.85
1585584000,251.3
1585670400,244.9
1585843200,244.9
1586188800,247.9
1586275200,250.65
1586361600,251.05
1586707200,262.95
1586880000,268.95
1586966400,267.6
1587052800,267.95
1587312000,270.55
1587398400,265.2
1587484800,272.05
1587571200,277.65
1587657600,270.75
1587916800,271
1588003200,273.05
1588089600,288.25
1588176000,290.2
1588521600,266.5
1588608000,263.15
1588694400,270.55
1588780800,282.4
1588867200,285.1
1589126400,289.95
1589212800,291.4
1589299200,309.55
1589385600,308.4
1589472000,309.35
1589731200,293.4
1589817600,319.3
1589904000,323.8
1589990400,317.35
1590076800,310.75
1590422400,315.65
1590508800,326.9
1590595200,331.75
1590681600,323.95
1590940800,329.5
1591027200,340.1
1591113600,339.5
1591200000,339.45
1591286400,341.05
1591545600,343.2
1591632000,346.1
1591718400,346.7
1591804800,339.05
1591891200,345.25
1592150400,340.45
1592236800,340.8
1592323200,340.95
1592409600,343.85
1592496000,349.2
1592755200,349.45
1592841600,355.75
1592928000,351.45
1593014400,344.15
1593100800,343.15
1593360000,342.95
1593446400,343.9
1593532800,343.85
1593619200,346.85
1593705600,360.4
1593964800,359.55
1594051200,346
1594137600,340.6
1594224000,343.05
1594310400,335.1
1594569600,332.1
1594656000,320.3
1594742400,314.85
1594828800,311.2
1594915200,313
1595174400,317.4
1595260800,314.6
1595347200,312
1595433600,313.9
1595520000,309.3
1595779200,308.95
1595865600,318.55
1595952000,315.15
1596038400,312.4
1596124800,314.95
1596384000,311.75
1596470400,314.95
1596556800,327
1596643200,323.75
1596729600,326.65
1596988800,331.25
1597075200,334.85
1597161600,341.25
1597248000,347.55
1597334400,348.3
1597593600,357.4
1597680000,357.45
1597766400,356.65
1597852800,353.5
1597939200,354.25
1598198400,348.85
1598284800,346.15
1598371200,354.1
1598457600,350.5
1598544000,359.6
1598803200,355.75
1598889600,348.95
1598976000,360
1599062400,366
1599148800,353
1599408000,351.7
1599494400,345.55
1599580800,344.1
1599667200,341.4
1599753600,342.6
1600012800,351.7
1600099200,352.55
1600185600,353.5
1600272000,346.4
1600358400,357.65
1600617600,347.4
1600704000,332.15
1600790400,324.4
1600876800,313.85
1600963200,326.35
1601222400,339.7
1601308800,340.7
1601395200,340.9
1601481600,353.25
1601827200,350.55
1601913600,362.8
1602000000,360.5
1602086400,359.7
1602172800,357.3
1602432000,358
1602518400,349.9
1602604800,349.3
1602691200,342.55
1602777600,351.9
1603036800,347.25
1603123200,349.4
1603209600,355.35
1603296000,358.3
1603382400,364.05
1603641600,363.65
1603728000,364
1603814400,353.45
1603900800,342.9
1603987200,359.7
1604246400,357.25
1604332800,353.6
1604419200,362.35
1604505600,368.65
1604592000,371
1604851200,366.85
1604937600,366.6
1605024000,371.65
1605110400,367.45
1605196800,365.35
1605542400,379.55
1605628800,391.05
1605715200,382.65
1605801600,375.75
1606060800,375.1
1606147200,392.35
1606233600,398.8
1606320000,410.35
1606406400,412
1606752000,423.75
1606838400,438.7
1606924800,435.75
1607011200,453.7
1607270400,471.45
1607356800,463.1
1607443200,463.15
1607529600,470.95
1607616000,466.25
1607875200,467
1607961600,475.55
1608048000,475.55
1608134400,467.85
1608220800,463.1
1608480000,444.2
1608566400,468.25
1608652800,471.4
1608739200,478.3
1609084800,483.75
1609171200,483
1609257600,485.45
1609344000,483.55
1609430400,503.5
1609689600,498.85
1609776000,499.5
1609862400,496.7
1609948800,513.65
1610035200,517.05
1610294400,508.25
1610380800,511.2
1610467200,536.7
1610553600,536.6
1610640000,527.9
1610899200,515.25
1610985600,531.2
1611072000,558.25
1611158400,548
1611244800,536
1611504000,523.45
1611676800,518.65
1611763200,519.5
1611849600,509.5
1612108800,542.85
1612195200,551.1
1612281600,560.1
1612368000,568.4
1612454400,566.7
1612713600,581.7
1612800000,581.9
1612886400,577.05
1612972800,591.7
1613059200,616.8
1613318400,627.8
1613404800,636.55
1613491200,655.65
1613577600,664.1
1613664000,652.5
1613923200,673.55
1614009600,661.85
1614096000,665.7
1614182400,704.6
1614268800,674.05
1614528000,692.85
1614614400,720.35
1614700800,729.55
1614787200,752.1
1614873600,748.55
1615132800,748.5
1615219200,750.55
1615305600,745.6
1615478400,727.05
1615737600,719
1615824000,717.15
1615910400,688.9
1615996800,679.9
1616083200,686.35
1616342400,721.6
1616428800,738.2
1616515200,707.65
1616601600,688.15
1616688000,702.75
1617033600,709.8
1617120000,702.75
1617206400,736.25
1617552000,742.15
1617638400,837.45
1617724800,814.3
1617811200,823.25
1617897600,823.65
1618156800,744.5
1618243200,731.1
1618416000,750.5
1618502400,755.35
1618761600,720.65
1618848000,720.2
1619020800,737.6
1619107200,725.3
1619366400,730.65
1619452800,749.15
1619539200,746.85
1619625600,746.95
1619712000,729.9
1619971200,761.25
1620057600,768.8
1620144000,738.2
1620230400,740.75
1620316800,768
1620576000,765.85
1620662400,762.85
1620748800,751.8
1620921600,734.05
1621180800,754.05
1621267200,775.55
1621353600,772.5
1621440000,765.6
1621526400,769.15
1621785600,767
1621872000,763.95
1621958400,758.55
1622044800,751.15
1622131200,776.15
1622390400,769.65
1622476800,798.15
1622563200,811.6
1622649600,825.4
1622736000,834.05
1622995200,878.5
1623081600,874.05
1623168000,852.55
1623254400,846.5
1623340800,838.8
1623600000,768.7
1623686400,761.45
1623772800,706.85
1623859200,646.8
1623945600,694.6
1624204800,730.65
1624291200,742.55
1624377600,718.7
1624464000,709.5
1624550400,712.3
1624809600,716.2
1624896000,710.85
1624982400,703.6
1625068800,703.05
1625155200,710.55
1625414400,710.05
1625500800,712.7
1625587200,720.25
1625673600,711.6
1625760000,728.25
1626019200,718.2
1626105600,703.95
1626192000,697.25
1626278400,699.1
1626364800,688
1626624000,673.7
1626710400,672.65
1626883200,691.65
1626969600,679.65
1627228800,682.75
1627315200,663.3
1627401600,665.2
1627488000,660.1
1627574400,674.65
1627833600,692.05
1627920000,705.2
1628006400,694.6
1628092800,693.35
1628179200,710.65
1628438400,699.95
1628524800,692.55
1628611200,698.95
1628697600,704.05
1628784000,703.75
1629043200,706.7
1629129600,692.5
1629216000,705.25
1629388800,687.25
1629648000,668.2
1629734400,694.9
1629820800,720.7
1629907200,721.5
1629993600,726.85
1630252800,729.95
1630339200,747.7
1630425600,745
1630512000,753.75
1630598400,755
1630857600,751.15
1630944000,745.5
1631030400,746.55
1631116800,749.7
1631462400,744.95
1631548800,755.3
1631635200,766.1
1631721600,769.45
1631808000,766.9
1632067200,748.95
1632153600,749.45
1632240000,744.7
1632326400,754.05
1632412800,744.6
1632672000,750.1
1632758400,738.7
1632844800,741.7
1632931200,737.65
1633017600,734.6
1633276800,743.9
1633363200,743.8
1633449600,723.95
1633536000,735.85
1633622400,739.95
1633881600,737.25
1633968000,736.85
1634054400,759.2
1634140800,811.9
1634486400,810.4
1634572800,791.7
1634659200,795.1
1634745600,778.75
1634832000,761.8
1635091200,752.4
1635177600,749.85
1635264000,745.65
1635350400,688.45
1635436800,693.15
1635696000,704.5
1635782400,702.4
1635868800,709
1636300800,730.3
1636387200,737.4
1636473600,737.5
1636560000,735.2
1636646400,750.15
1636905600,749.7
1636992000,746.3
1637078400,735.65
1637164800,725.9
1637510400,714.8
1637596800,729.25
1637683200,762.75
1637769600,762.35
1637856000,717.65
1638115200,702.65
1638201600,684.25
1638288000,708.05
1638374400,738.85
1638460800,737.45
1638720000,723.7
1638806400,744.5
1638892800,761.7
1638979200,769.6
1639065600,767.6
1639324800,758.3
1639411200,764.25
1639497600,745.45
1639584000,745.15
1639670400,723.8
1639929600,701.85
1640016000,725.4
1640102400,723.2
1640188800,731.05
1640275200,722.4
1640534400,723.25
1640620800,729.1
1640707200,722.65
1640793600,724.5
1640880000,730.35
1641139200,736.4
1641225600,739.05
1641312000,754.6
1641398400,739.65
1641484800,735.95
1641744000,738.75
1641830400,765.1
1641916800,763.45
1642003200,772.05
1642089600,779.2
1642348800,778.95
1642435200,763.95
1642521600,744.15
1642608000,738
1642694400,723.55
1642953600,703.2
1643040000,711.35
1643212800,708.75
1643299200,709.95
1643558400,716.15
1643644800,739.35
1643731200,745.15
1643817600,733.4
1643904000,727.05
1644163200,715.65
1644249600,717.55
1644336000,733.2
1644422400,731
1644508800,723.6
1644768000,695.85
1644854400,720.2
1644940800,740.45
1645027200,734.15
1645113600,727.5
1645372800,711.1
1645459200,705
1645545600,706.7
1645632000,655.35
1645718400,695
1645977600,707.65
1646150400,710.25
1646236800,706.6
1646323200,699.55
1646582400,677.15
1646668800,688.3
1646755200,714.45
1646841600,730.25
1646928000,729.55
1647187200,730.5
1647273600,721.55
1647360000,723.6
1647446400,740.15
1647792000,735.3
1647878400,739.65
1647964800,734
1648051200,733
1648137600,743.1
1648396800,737.15
1648483200,761.5
1648569600,766.9
1648656000,774.1
1648742400,785.7
1649001600,818.7
1649088000,847.55
1649174400,849.95
1649260800,817.55
1649347200,839.3
1649606400,854.65
1649692800,844.75
1649779200,840.5
1650211200,842.2
1650297600,819.65
1650384000,827.5
1650470400,850
1650556800,873.5
1650816000,858.95
1650902400,909.85
1650988800,886.7
1651075200,888.2
1651161600,856.35
1651420800,856.65
1651593600,812.8
1651680000,811.3
1651766400,810.6
1652025600,792.3
1652112000,771.3
1652198400,759.6
1652284800,713
1652371200,706.1
1652630400,712.25
1652716800,744.65
1652803200,759.6
1652889600,732.8
1652976000,768.45
1653235200,753.35
1653321600,751.8
1653408000,708.45
1653494400,702.55
1653580800,702.9
1653840000,734.3
1653926400,739.3
1654012800,736.8
1654099200,748.85
1654185600,739.65
1654444800,740.95
1654531200,734.15
1654617600,728.5
1654704000,735.4
1654790400,726.4
1655049600,695.3
1655136000,704.7
1655222400,703.6
1655308800,679.55
1655395200,668.95
1655654400,663.7
1655740800,688.95
1655827200,668.4
1655913600,675.35
1656000000,686.6
1656259200,687.25
1656345600,678.1
1656432000,677.6
1656518400,671.45
1656604800,678.35
1656864000,681.9
1656950400,678.85
1657036800,694.35
1657123200,703.2
1657209600,716
1657468800,729
1657555200,731.95
1657641600,726.95
1657728000,725.2
1657814400,730.45
1658073600,739.65
1658160000,748.6
1658246400,743.2
1658332800,754.4
1658419200,754
1658678400,749.6
1658764800,749.25
1658851200,760.65
1658937600,764.6
1659024000,763.8
1659283200,801.15
1659369600,802.3
1659456000,806.9
1659542400,807.4
1659628800,810
1659888000,801.25
1660060800,790.85
1660147200,792.7
1660233600,788.2
1660579200,824.5
1660665600,824.05
1660752000,833.55
1660838400,871.95
1661097600,840.15
1661184000,832.75
1661270400,836.05
1661356800,815.95
1661443200,835.6
1661702400,833.9
1661788800,842.35
1661961600,837.8
1662048000,851.55
1662307200,849.9
1662393600,850.2
1662480000,874.95
1662566400,885.25
1662652800,907.05
1662912000,938.65
1662998400,948.85
1663084800,947.75
1663171200,968.65
1663257600,937.7
1663516800,959.5
1663603200,969.4
1663689600,932.55
1663776000,946.95
1663862400,913.75
1664121600,863.65
1664208000,844
1664294400,827.55
1664380800,816.25
1664467200,821.05
1664726400,785.45
1664812800,823.05
1664985600,824
1665072000,816.8
1665331200,807.85
1665417600,797.05
1665504000,803.5
1665590400,784.85
1665676800,780.25
1665936000,786.55
1666022400,810
1666108800,804.9
1666195200,819.9
1666281600,801.8
1666540800,805.3
1666627200,800.3
1666800000,820.7
1666886400,820.2
1667145600,823.05
1667232000,841.75
1667318400,833.9
1667404800,832.45
1667491200,861.15
1667750400,853
1667923200,891.2
1668009600,893.6
1668096000,894.4
1668355200,895.45
1668441600,906.75
1668528000,887.95
1668614400,890.4
1668700800,888.7
1668960000,871.5
1669046400,882.6
1669132800,872.7
1669219200,876.2
1669305600,878.75
1669564800,879.25
1669651200,878.2
1669737600,881.25
1669824000,890.15
1669910400,888.3
1670169600,892.95
1670256000,896.45
1670342400,886.3
1670428800,892.6
1670515200,890.45
1670774400,881.1
1670860800,895.5
1670947200,901.75
1671033600,883.95
1671120000,860.2
1671379200,892.95
1671465600,884.15
1671552000,857.3
1671638400,856.65
1671724800,794.4
1671984000,806.05
