Timestamp,Value
1416294077,561
1416296426,778
1416390026,974
1416394901,902
1416482445,695
1416542746,676
1416567724,738
1416820579,669
1416905866,696
1417428330,686
1417512289,710
1417605372,617
1418302571,93
1418366324,214
1418368120,30
1418619259,466
1418808319,831
1418819425,182
1418882685,664
1418896399,81
1418897209,198
1418898714,455
1418970637,204
1420449273,818
1420521063,336
1420624373,530
1420783149,0
1421055576,785
1421213779,266
1421301070,655
1421301593,689
1421308920,179
1421315373,493
1421393641,360
1421400215,849
1421400370,678
1421406278,752
1421730318,521
1421730513,480
1421741899,127
1421818482,349
1421822353,628
1421834485,538
1421837858,276
1421905514,385
1421926158,401
1422266987,409
1422347081,690
1422349614,649
1422350844,721
1422442184,780
1422446728,677
1422448363,702
1422509600,183
1422512144,505
1422520474,342
1422521231,651
1422524829,93
1422527133,509
1422590561,695
1422614828,9
1422618601,1214
1422945253,838
1422960185,638
1422961194,1174
1423031381,752
1423203265,622
1423204041,75
1423213672,702
1423548575,790
1423558462,561
1423632117,225
1423649614,70
1423655446,487
1423716117,869
1423716410,606
1423722474,856
1423729072,248
1423731024,286
1423740333,706
1423740421,1161
1423811258,676
1423812845,234
1423822921,706
1424065365,465
1424068199,797
1424074252,511
1424082972,629
1424091174,780
1424162674,272
1424163196,426
1424168188,831
1424237916,611
1424252132,311
1424255312,672
1424319488,708
1424325759,692
1424326609,594
1424331800,310
1424339563,655
1424339723,931
1424340576,2095
1424408744,631
1424437043,307
1424673956,691
1424684415,789
1424757685,476
1424771392,304
1424773355,826
1424778507,675
1424782259,107
1424846792,632
1424862726,188
1424944890,1795
1424949087,728
1425127890,302
1425363478,932
1425371754,784
1425379424,731
1425382204,604
1425451684,687
1425468073,88
1425468831,617
1425469585,455
1425537171,211
1425540552,671
1425556151,1148
1425618267,615
1425632881,672
1425634448,408
1425636717,1052
1425642405,499
1425706150,741
1425718255,154
1425835968,1979
1425872927,656
1425876216,625
1425876482,371
1425887388,322
1425894210,961
1425958705,657
1425961051,648
1425962839,347
1425973046,192
1425974916,663
1425982514,659
1426047936,413
1426059910,111
1426060915,647
1426065152,294
1426065953,735
1426075232,488
1426133711,383
1426144455,641
1426146330,252
1426148000,666
1426150601,509
1426153193,724
1426167467,89
1426219590,690
1426220204,1296
1426221125,500
1426221229,398
1426233217,239
1426234028,630
1426236890,512
1426237249,708
1426239394,694
1426240652,208
1426478836,690
1426482814,473
1426496093,641
1426498621,917
1426499697,569
1426499768,652
1426500301,699
1426562246,684
1426568818,649
1426572447,550
1426580339,282
1426583027,652
1426584975,673
1426587896,450
1426590044,652
1426597828,252
1426648385,668
1426651281,0
1426672840,685
1426674608,1901
1426679853,206
1426734357,686
1426734554,535
1426735145,4
1426742403,756
1426747455,250
1426751447,0
1426752124,688
1426752275,606
1426752439,649
1426756875,647
1426756936,668
1426757768,666
1426758019,952
1426765646,417
1426820434,0
1426820845,2
1426825247,660
1426829631,0
1426830653,666
1426832120,669
1426838345,552
1426840817,424
1427081063,659
1427084358,567
1427087419,682
1427094048,647
1427097578,665
1427102099,462
1427102319,2
1427103510,688
1427105127,430
1427168279,370
1427171873,858
1427174984,438
1427175579,691
1427185074,680
1427191846,0
1427194512,0
1427195372,451
1427251485,586
1427254440,682
1427257467,1
1427258995,851
1427261465,682
1427263208,357
1427274458,683
1427333507,662
1427338978,383
1427339532,547
1427346269,180
1427347147,682
1427349063,107
1427353922,0
1427354698,665
1427358363,26
1427359573,440
1427360914,732
1427361175,0
1427418103,669
1427427027,683
1427428945,139
1427431686,1350
1427434451,511
1427434868,688
1427436214,366
1427437560,692
1427446057,471
1427452921,482
1427507964,19
1427518644,766
1427677079,650
1427694583,668
1427696604,455
1427698755,558
1427700109,111
1427700224,3
1427704057,78
1427710672,0
1427710856,334
1427711955,653
1427712612,554
1427764020,47
1427775602,738
1427778328,767
1427785543,577
1427787279,363
1427791337,409
1427794619,353
1427795792,0
1427805405,434
1427849554,682
1427859200,0
1427864914,531
1427873291,0
1427874504,245
1427874900,0
1427876792,0
1427878280,683
1427878534,426
1427878970,3
1427880282,636
1427880708,615
1427893373,291
1427936482,676
1427942603,646
1427942792,677
1427945324,0
1427949236,648
1427950658,734
1427960905,653
1427963580,555
1427965074,181
1427965379,1620
1427965409,621
1427966309,591
1428116992,0
1428121695,768
1428282110,675
1428293996,308
1428297153,516
1428298221,525
1428301033,693
1428310101,684
1428310781,10
1428310981,773
1428314220,382
1428316176,666
1428317181,321
1428368557,24
1428375985,689
1428379560,704
1428380958,668
1428381635,636
1428384939,550
1428398174,658
1428399024,213
1428403395,443
1428410042,463
1428462549,202
1428466337,469
1428466867,650
1428467453,651
1428467457,898
1428468506,703
1428470471,582
1428483263,363
1428484082,675
1428485293,639
1428487719,597
1428489236,693
1428549249,667
1428549466,691
1428551795,633
1428552532,421
1428555498,614
1428565902,416
1428566863,645
1428570024,547
1428571312,672
1428572381,145
1428576144,676
1428638842,519
1428639340,368
1428641587,1292
1428642425,763
1428653227,797
1428661035,683
1428661230,569
1428857652,1688
1428886897,692
1428896535,584
1428901669,551
1428901911,547
1428909323,665
1428916050,474
1428920522,677
1428923653,254
1428973392,674
1428980892,679
1428987231,348
1429004967,675
1429007300,654
1429059016,654
1429069553,566
1429074769,492
1429074935,349
1429079292,140
1429083319,771
1429084005,432
1429090275,685
1429091869,227
1429093369,363
1429095870,448
1429146313,634
1429153140,691
1429157350,426
1429160578,374
1429164134,581
1429172788,666
1429175354,332
1429175532,86
1429179445,708
1429180579,412
1429232519,654
1429240279,665
1429241782,516
1429243321,227
1429246676,542
1429251223,468
1429256240,648
1429258847,1960
1429263944,547
1429265558,657
1429322136,682
1429491670,680
1429495740,170
1429500007,691
1429503725,530
1429505619,687
1429505783,294
1429508335,313
1429512352,614
1429521390,652
1429522152,730
1429522408,499
1429533052,690
1429578239,658
1429581537,363
1429586023,690
1429588906,658
1429603121,162
1429603458,788
1429605757,676
1429607887,686
1429608503,655
1429611236,639
1429624131,660
1429664366,682
1429671852,682
1429673783,379
1429675325,635
1429676213,1719
1429679302,587
1429686341,166
1429691052,193
1429691091,302
1429691754,401
1429692497,694
1429695304,673
1429698839,691
1429750791,674
1429757568,673
1429758618,698
1429764068,344
1429764570,823
1429765139,681
1429765942,703
1429769022,625
1429779089,724
1429781473,433
1429782066,365
1429786022,684
1429837041,10
1429844805,685
1429846239,649
1429848024,1798
1429850988,670
1429854972,552
1429855448,640
1429856272,140
1429857013,486
1429863076,480
1429865434,1605
1429868295,626
1429868579,380
1429884707,961
1429926962,668
1429939949,186
1430022417,475
1430042627,883
1430096469,680
1430103888,692
1430105239,583
1430108389,623
1430109113,352
1430110255,531
1430110418,685
1430118474,570
1430122972,611
1430123829,501
1430124633,339
1430126710,694
1430128088,548
1430182552,660
1430188383,832
1430190397,691
1430193849,659
1430195331,620
1430195570,584
1430196419,359
1430201955,699
1430202904,446
1430207421,542
1430209517,557
1430209923,679
1430211892,536
1430212762,537
1430214801,663
1430221518,46
1430269167,672
1430274175,623
1430275111,555
1430275956,634
1430281217,352
1430283198,678
1430283846,672
1430284603,1803
1430286170,419
1430287330,508
1430294871,681
1430296964,401
1430298620,71
1430298657,658
1430301840,242
1430355693,685
1430360971,660
1430362099,677
1430370252,692
1430370889,665
1430370990,494
1430371870,1426
1430373625,591
1430381488,657
1430384633,666
1430385440,649
1430389403,1136
1430392440,562
1430441886,669
1430448717,608
1430467255,350
1430474823,361
1430475257,200
1430475780,691
1430479581,507
1430480759,703
1430491919,1552
1430702628,679
1430706493,568
1430708379,551
1430711649,1104
1430715260,827
1430717273,459
1430718331,684
1430726571,507
1430727493,654
1430729314,396
1430731858,544
1430731974,139
1430734389,390
1430735812,760
1430739288,487
1430744552,269
1430787819,673
1430792755,585
1430795809,558
1430800929,526
1430801318,1392
1430805017,583
1430807062,641
1430807647,374
1430809843,696
1430810229,708
1430810631,724
1430819252,643
1430822710,618
1430825954,451
1430873875,670
1430879577,622
1430880450,658
1430882808,0
1430883432,66
1430884863,533
1430887109,693
1430888088,1423
1430888644,671
1430892167,596
1430897806,666
1430898224,739
1430903592,378
1430905439,549
1430905561,581
1430908252,706
1430910027,0
1430960764,669
1430965767,668
1430966048,576
1430966984,668
1430970885,693
1430974777,1121
1430975324,630
1430983586,701
1430983600,701
1430986113,92
1430990367,1100
1430991127,693
1430992060,629
1430993584,384
1430993730,758
1430994438,354
1430995445,681
1431000179,238
1431047232,669
1431052065,572
1431053653,652
1431053694,659
1431057555,1504
1431058070,556
1431059211,152
1431060523,665
1431061701,630
1431064269,250
1431071160,549
1431072093,686
1431074170,469
1431074321,728
1431074398,692
1431075737,1612
1431075825,817
1431075838,133
1431076072,773
1431076093,359
1431077815,152
1431079572,577
1431080803,656
1431082099,663
1431136957,512
1431143981,548
1431147850,527
1431212308,1186
1431305998,670
1431313381,629
1431314024,660
1431315624,486
1431315696,653
1431317127,409
1431320627,556
1431321285,675
1431327834,349
1431329450,663
1431329996,653
1431330317,678
1431334328,496
1431335878,246
1431338093,696
1431339089,347
1431339937,142
1431344301,373
1431392426,670
1431397691,600
1431402975,364
1431405477,760
1431405546,551
1431408622,746
1431409183,678
1431410415,403
1431418338,1418
1431420118,666
1431424256,694
1431425216,614
1431429726,495
1431479173,680
1431484153,597
1431485146,662
1431485228,631
1431486228,613
1431489906,341
1431490728,370
1431493320,1176
1431493714,700
1431493815,484
1431494615,1394
1431502996,434
1431503018,654
1431503126,280
1431506048,2055
1431506576,698
1431508452,665
1431510217,567
1431511365,673
1431513923,21
1431514481,545
1431516659,626
1431565322,656
1431570375,596
1431572013,744
1431577304,362
1431577368,689
1431577938,1238
1431579826,681
1431580027,610
1431582942,558
1431583443,695
1431591178,662
1431591231,581
1431592488,231
1431594425,626
1431594801,487
1431597341,436
1431597612,229
1431598231,471
1431603574,283
1431604555,613
1431651727,654
1431656978,612
1431660135,476
1431662490,362
1431664625,231
1431666898,680
1431667142,433
1431674691,13
1431675509,2002
1431676725,199
1431677555,301
1431677656,797
1431678439,272
1431680644,708
1431683063,683
1431683640,663
1431684252,9
1431690836,345
1431741471,672
1431770392,1725
1431785781,42
1431828026,664
1431837200,225
1431840894,252
1431848997,252
1431911550,692
1431915865,558
1431918270,643
1431920781,641
1431922022,707
1431922945,525
1431924554,1045
1431925096,507
1431926779,577
1431928037,500
1431929136,178
1431932258,115
1431934827,661
1431934871,628
1431939000,882
1431939351,761
1431939803,454
1431941908,713
1431944310,141
1431997563,645
1432002142,562
1432003981,136
1432005498,635
1432005649,495
1432006144,400
1432008108,619
1432011529,631
1432018594,514
1432018805,626
1432019250,914
1432024011,646
1432024564,571
1432025087,673
1432025122,651
1432033474,5
1432034906,474
1432037361,81
1432083549,671
1432089125,676
1432090074,701
1432091124,649
1432093267,638
1432096039,544
1432098003,697
1432100980,688
1432103884,609
1432104997,649
1432110458,699
1432111892,692
1432112016,1209
1432113311,403
1432113367,654
1432114152,654
1432115204,91
1432119459,487
1432170173,635
1432174471,597
1432179346,531
1432181731,285
1432182238,695
1432182388,542
1432183963,654
1432193838,695
1432194771,664
1432198893,633
1432199078,1181
1432200203,691
1432200500,562
1432201966,619
1432202745,651
1432204884,523
1432206751,700
1432256472,658
1432261013,642
1432263648,636
1432267967,497
1432269968,1235
1432271712,408
1432272700,653
1432277621,231
1432281293,671
1432287434,1360
1432288585,661
1432602151,666
1432607182,556
1432610221,468
1432610249,647
1432614595,905
1432614843,705
1432623247,597
1432628002,647
1432629527,526
1432629931,1641
1432630821,695
1432631188,657
1432634814,579
1432636265,664
1432645691,405
1432648157,673
1432688153,667
1432693876,579
1432695613,693
1432696420,476
1432699981,284
1432702062,1054
1432704311,686
1432705746,356
1432708959,202
1432712749,334
1432717190,1140
1432717251,739
1432718093,634
1432718352,693
1432719220,365
1432720816,614
1432775064,643
1432779683,565
1432780425,584
1432781824,396
1432781912,714
1432782316,680
1432784311,1409
1432788302,786
1432789022,684
1432791198,367
1432791862,293
1432799343,433
1432802532,667
1432803250,690
1432804058,497
1432804658,1069
1432808250,699
1432813802,484
1432866181,566
1432867166,648
1432868673,448
1432869057,686
1432870144,492
1432872681,293
1432873880,521
1432874542,607
1432876478,26
1432878286,416
1432881048,516
1432885531,325
1432887218,660
1432889735,2203
1432890548,770
1432891641,704
1432893218,673
1432894764,703
1432897038,534
1432951256,643
1432969732,143
1433050518,828
1433120365,675
1433125703,689
1433127722,711
1433127830,102
1433128610,655
1433133381,1584
1433134913,583
1433135306,543
1433137730,652
1433138688,657
1433139633,27
1433146917,690
1433148641,693
1433150975,468
1433151401,696
1433153545,634
1433159090,459
1433207059,672
1433210913,774
1433211599,589
1433214391,673
1433214856,631
1433220101,693
1433222114,476
1433223581,634
1433231700,637
1433234688,657
1433235302,1648
1433235879,532
1433237478,975
1433238650,594
1433238664,601
1433247523,174
1433293479,673
1433298676,718
1433300920,688
1433302538,546
1433307013,1189
1433307088,601
1433307182,438
1433314918,520
1433318028,810
1433320957,16
1433322269,619
1433323230,635
1433323685,443
1433325149,671
1433331352,605
1433340635,151
1433379854,675
1433384109,773
1433388461,1453
1433388533,663
1433388997,444
1433390896,278
1433392013,664
1433392682,587
1433393652,476
1433393706,586
1433394203,271
1433403164,231
1433407153,2092
1433407399,593
1433408296,166
1433409441,297
1433409821,623
1433411695,579
1433412315,694
1433415168,668
1433419393,0
1433420835,692
1433466092,676
1433472582,722
1433473188,692
1433473618,433
1433474860,293
1433478597,702
1433479153,678
1433481909,528
1433490781,327
1433493191,423
1433494841,488
1433496368,137
1433500171,31
1433501046,696
1433503251,693
1433540577,1835
1433555841,680
1433725337,676
1433731038,342
1433733237,620
1433734490,425
1433735414,110
1433736679,536
1433736820,281
1433737047,396
1433737276,692
1433737774,647
1433741413,702
1433747936,108
1433751849,612
1433753623,680
1433754197,651
1433756082,220
1433756595,554
1433759329,693
1433760452,463
1433762233,713
1433780947,1283
1433811388,675
1433818703,686
1433819185,612
1433819599,495
1433822582,486
1433823650,281
1433824376,382
1433824967,335
1433831872,67
1433835966,221
1433839251,605
1433841192,679
1433842019,585
1433842510,571
1433843833,415
1433848481,227
1433849742,0
1433904167,723
1433904331,212
1433906634,490
1433906745,695
1433908226,376
1433909542,381
1433909912,497
1433913208,430
1433917222,357
1433917885,426
1433919188,706
1433922319,411
1433924708,334
1433925309,434
1433925762,624
1433926542,0
1433926800,496
1433927197,691
1433929751,600
1433931880,698
1433932704,172
1433935587,667
1433991495,680
1433993942,54
1433994994,758
1433996484,269
1433997550,659
1433998328,679
1433999788,556
1433999793,689
1434000151,644
1434004952,387
1434008378,250
1434009906,1764
1434010495,689
1434011283,700
1434012672,644
1434014199,476
1434016251,572
1434017932,572
1434022662,590
1434070312,678
1434074172,685
1434074870,708
1434077990,673
1434081627,145
1434082096,365
1434083517,676
1434084047,667
1434086597,654
1434090502,380
1434091878,620
1434094841,664
1434096462,638
1434103166,38
1434104668,621
1434107766,646
1434181885,450
1434258319,476
1434333018,693
1434335365,554
1434335624,433
1434337605,621
1434338286,665
1434338344,656
1434343589,12
1434343727,700
1434345572,627
1434347094,542
1434347112,474
1434350713,515
1434351137,672
1434351152,401
1434353535,496
1434357071,424
1434358269,656
1434359003,597
1434359046,332
1434359537,663
1434361154,267
1434416353,644
1434419369,686
1434420340,434
1434421987,537
1434423925,642
1434425108,372
1434428641,498
1434430360,339
1434431024,682
1434432517,589
1434432767,537
1434440788,558
1434443732,614
1434444053,458
1434444856,96
1434445109,693
1434445247,623
1434448185,755
1434455563,321
1434460032,311
1434502993,683
1434505180,676
1434507794,581
1434509870,713
1434509999,639
1434510413,651
1434515583,699
1434517319,390
1434522685,129
1434522725,129
1434525225,154
1434527866,259
1434530422,454
1434530804,286
1434533355,625
1434533386,437
1434534381,590
1434535463,501
1434538088,353
1434538228,554
1434540927,558
1434589268,670
1434591199,409
1434594599,557
1434596536,669
1434597282,430
1434599324,668
1434600669,664
1434603780,678
1434604802,385
1434604976,299
1434605066,657
1434609330,61
1434613417,400
1434614904,343
1434616423,462
1434617052,660
1434617814,390
1434619086,670
1434620548,190
1434621397,594
1434628115,405
1434628274,95
1434675866,679
1434678019,679
1434680891,552
1434682941,683
1434683506,643
1434683782,658
1434686296,285
1434686405,475
1434690744,577
1434691212,436
1434692057,657
1434702749,621
1434703861,656
1434704535,294
1434705870,202
1434706814,602
1434708833,516
1434709785,469
1434765500,679
1434779706,194
1434934302,415
1434934722,681
1434940597,533
1434941056,475
1434942422,700
1434942745,684
1434942779,641
1434942799,639
1434945121,1054
1434947334,692
1434950458,666
1434951157,317
1434951300,373
1434955878,548
1434957281,445
1434958327,544
1434960940,66
1434961101,701
1434961386,240
1434962859,654
1434962978,194
1434964355,351
1434965590,625
1434966980,683
1434969815,636
1435021607,437
1435024689,682
1435026535,558
1435028755,725
1435029044,709
1435029673,603
1435031953,1038
1435032570,582
1435034649,320
1435040466,475
1435042957,654
1435045422,503
1435048107,432
1435049460,593
1435050176,459
1435051100,559
1435053468,413
1435053894,604
1435107814,643
1435108170,405
1435112311,684
1435113875,552
1435114831,644
1435115604,658
1435115618,637
1435118209,598
1435120203,660
1435121250,521
1435128539,154
1435133439,1412
1435135292,453
1435135826,604
1435136267,523
1435137293,630
1435138123,641
1435139067,739
1435139271,630
1435139765,693
1435140261,280
1435141171,675
1435141474,683
1435141476,330
1435194162,642
1435197951,373
1435199110,570
1435202072,676
1435202139,618
1435202513,384
1435203452,609
1435204882,355
1435204930,1060
1435205280,306
1435205342,642
1435209293,380
1435211383,583
1435215862,651
1435220318,685
1435234007,300
1435280555,632
1435280578,432
1435281949,739
1435282667,676
1435285776,564
1435287586,647
1435288357,672
1435291871,508
1435292603,604
1435292658,590
1435295583,455
1435296720,526
1435298146,254
1435301383,697
1435307134,447
1435310224,612
1435310724,86
1435312112,357
1435315520,542
1435539531,628
1435541293,679
1435541679,465
1435548074,618
1435549995,598
1435554958,443
1435555353,536
1435558950,788
1435563494,650
1435565868,710
1435569919,678
1435571818,376
1435578485,692
1435626203,655
1435627911,405
1435633560,691
1435637425,687
1435639272,700
1435640258,713
1435641145,252
1435642362,650
1435647860,715
1435658045,666
1435658725,599
1435662820,505
1435668497,697
1435712590,675
1435716161,409
1435717766,682
1435719418,677
1435720818,706
1435721162,415
1435724021,688
1435724375,683
1435725821,696
1435727603,547
1435727933,579
1435728052,509
1435734886,98
1435736884,277
1435739995,290
1435740133,124
1435746996,663
1435750991,687
1435798759,391
1435799003,655
1435801974,710
1435803685,691
1435806489,666
1435808608,598
1435810526,642
1435810935,697
1435813339,764
1435817009,637
1435822870,118
1435833663,691
1435978181,673
1435990155,140
1436039279,1870
1436061747,692
1436101959,828
1436144757,681
1436146640,438
1436147192,683
1436152542,451
1436152943,639
1436154902,294
1436154955,610
1436155342,516
1436156211,778
1436157774,708
1436158163,555
1436158197,740
1436158779,674
1436166454,717
1436169747,566
1436171362,735
1436171849,671
1436171905,425
1436176480,560
1436177391,192
1436183401,160
1436230732,417
1436230751,640
1436237595,1905
1436237621,564
1436238035,589
1436238399,675
1436239384,432
1436239467,673
1436241226,597
1436243843,641
1436244247,695
1436246259,704
1436247238,600
1436247802,430
1436248878,140
1436250473,455
1436251361,702
1436256954,382
1436257271,363
1436258989,1630
1436261145,618
1436263142,743
1436269888,140
1436316849,675
1436318532,661
1436322400,681
1436323013,589
1436324319,671
1436324795,670
1436325317,686
1436328881,686
1436329964,663
1436330429,705
1436332502,411
1436332525,704
1436332536,487
1436333264,642
1436333347,705
1436334325,534
1436344049,602
1436345537,689
1436346827,641
1436347428,554
1436348150,416
1436350001,699
1436352785,369
1436403364,690
1436405550,316
1436409341,699
1436410452,669
1436415529,1198
1436415638,316
1436417119,656
1436417631,643
1436420156,709
1436421838,681
1436422584,716
1436424159,751
1436425860,438
1436430570,670
1436431055,669
1436431135,365
1436431226,1226
1436434094,651
1436434866,583
1436489944,682
1436491316,681
1436492665,418
1436494747,523
1436495595,557
1436497032,694
1436497937,674
1436500147,752
1436500744,1588
1436500783,599
1436501099,584
1436502616,696
1436503109,630
1436504398,698
1436505352,379
1436508433,548
1436511181,691
1436517981,417
1436520564,640
1436521088,660
1436521609,194
1436525006,259
1436526047,227
1436526928,543
1436560922,1159
1436675804,476
1436749042,669
1436750234,643
1436754600,684
1436754797,574
1436757223,679
1436757369,661
1436760696,600
1436763831,696
1436764219,876
1436764933,790
1436765568,724
1436765852,143
1436767829,631
1436770594,100
1436772081,62
1436773042,494
1436773050,364
1436775912,472
1436776871,387
1436776913,504
1436778669,581
1436779418,381
1436779494,652
1436781513,374
1436782884,348
1436783993,462
1436784707,590
1436784854,534
1436787406,667
1436789810,342
1436835650,653
1436835944,576
1436840485,576
1436840634,688
1436842646,678
1436844843,694
1436845777,695
1436846208,1996
1436848529,409
1436848690,329
1436849035,1260
1436850625,322
1436851143,715
1436853000,643
1436853419,438
1436865147,702
1436865876,719
1436866936,244
1436867051,698
1436868262,581
1436868353,574
1436869319,551
1436869376,433
1436869440,415
1436871956,392
1436921973,682
1436923945,386
1436926970,544
1436927223,649
1436929075,653
1436930318,663
1436930331,627
1436934417,654
1436934836,583
1436935103,19
1436935256,1218
1436935498,319
1436935734,656
1436936208,683
1436937697,695
1436937808,713
1436947780,668
1436948160,673
1436948724,492
1436948837,418
1436950114,648
1436951466,528
1436951787,334
1436955851,60
1436960664,534
1437008354,684
1437010424,680
1437010649,565
1437013636,566
1437016315,657
1437016395,652
1437016815,667
1437018711,392
1437019373,656
1437019667,400
1437020486,204
1437021203,647
1437022119,663
1437023895,677
1437024266,1381
1437024623,703
1437026729,633
1437034665,450
1437035115,504
1437035354,472
1437037312,430
1437037873,143
1437038056,372
1437038749,1817
1437039116,155
1437039156,662
1437044905,620
1437050238,240
1437094470,681
1437096674,443
1437099560,629
1437102426,697
1437102735,666
1437105187,688
1437106573,650
1437107214,671
1437108174,644
1437110716,370
1437114210,667
1437114671,671
1437122631,692
1437124080,646
1437124219,360
1437124329,650
1437128341,689
1437129959,172
1437184694,670
1437356927,594
1437359631,578
1437362084,685
1437362576,642
1437362778,618
1437364013,708
1437365189,270
1437367132,649
1437368041,316
1437368172,628
1437369178,687
1437369348,643
1437370065,826
1437370271,424
1437375422,408
1437381639,348
1437382890,684
1437386335,547
1437386827,627
1437387289,589
1437387981,536
1437389058,841
1437390034,1402
1437392112,43
1437392296,699
1437440184,676
1437444911,552
1437445160,690
1437445806,535
1437447408,734
1437447833,669
1437448230,663
1437448621,578
1437449722,710
1437450397,688
1437450914,651
1437451523,93
1437453741,1231
1437454019,445
1437454253,639
1437455523,437
1437457027,2020
1437457401,619
1437458405,706
1437463694,135
1437465517,784
1437466038,274
1437466337,76
1437466860,530
1437468063,198
1437468476,482
1437468948,459
1437474803,649
1437476297,340
1437476489,658
1437482356,500
1437526861,676
1437530046,563
1437531315,671
1437532250,687
1437532262,554
1437532393,779
1437534087,701
1437534554,710
1437534857,655
1437535349,672
1437536970,550
1437537881,287
1437538237,592
1437538905,651
1437539233,566
1437539437,764
1437539959,672
1437541676,700
1437544527,693
1437551672,713
1437554178,695
1437554758,434
1437555429,844
1437555597,595
1437556462,371
1437558211,688
1437564005,641
1437565744,292
1437574567,1299
1437613247,680
1437613419,578
1437616856,459
1437618770,609
1437618819,684
1437618971,570
1437619649,714
1437621045,574
1437621635,675
1437622464,640
1437622968,504
1437622974,600
1437623277,678
1437623329,496
1437624045,603
1437624069,810
1437624147,702
1437624393,525
1437625191,662
1437625438,355
1437626140,764
1437626262,648
1437626919,695
1437630963,684
1437635646,707
1437639403,609
1437641352,644
1437641564,137
1437642537,1552
1437643393,588
1437643548,334
1437646581,413
1437646673,534
1437648194,409
1437648849,638
1437650901,137
1437651238,376
1437700015,675
1437703731,630
1437704270,717
1437704657,694
1437705237,612
1437707186,711
1437707936,672
1437708140,642
1437709117,615
1437709310,590
1437709443,1496
1437710037,663
1437711087,670
1437711209,202
1437711414,471
1437712061,622
1437714398,469
1437714592,446
1437722550,708
1437724185,677
1437725206,206
1437726083,649
1437726208,659
1437726649,602
1437728136,2038
1437728679,360
1437729429,339
1437730989,786
1437732042,48
1437732966,475
1437733281,749
1437737466,323
1437789510,353
1437791814,689
1437794865,522
1437802178,567
1437942676,2005
1437958550,678
1437959300,426
1437962885,585
1437963172,699
1437964017,659
1437964756,569
1437966198,703
1437966335,550
1437966669,710
1437967191,663
1437969339,488
1437971433,621
1437971633,710
1437976198,606
1437977913,568
1437983435,296
1437983642,711
1437985007,55
1437985851,457
1437986575,321
1437986663,685
1437988259,711
1437988790,738
1437988823,366
1437990478,438
1437999016,688
1437999861,363
1437999878,457
1438045343,682
1438045847,595
1438048942,625
1438050370,650
1438051390,553
1438051535,513
1438052107,644
1438052658,700
1438052693,702
1438053197,669
1438055671,692
1438055995,616
1438056552,634
1438057754,577
1438061625,600
1438066052,690
1438070593,710
1438071284,417
1438072040,676
1438074533,537
1438076320,739
1438076345,407
1438080236,1458
1438083476,650
1438086100,234
1438132851,613
1438135279,619
1438136789,641
1438137278,678
1438138081,677
1438138783,652
1438138993,716
1438139107,716
1438140122,600
1438140274,671
1438141663,802
1438143516,605
1438145408,436
1438145422,608
1438146517,677
1438147171,478
1438147417,685
1438152331,275
1438155740,696
1438156808,245
1438157554,566
1438158687,433
1438159546,684
1438161387,691
1438161562,326
1438163287,598
1438163559,591
1438164533,2116
1438168478,586
1438179814,1323
1438217301,679
1438220605,615
1438221414,588
1438223525,688
1438224851,434
1438225141,678
1438225249,707
1438225838,656
1438226007,665
1438226331,602
1438228796,588
1438228938,623
1438229969,346
1438230697,674
1438231764,668
1438232206,693
1438233409,790
1438234700,703
1438241542,472
1438243718,698
1438245750,710
1438245906,180
1438246194,1374
1438246877,373
1438248708,487
1438248801,690
1438249068,476
1438252049,550
1438304531,676
1438308083,304
1438308317,432
1438310001,690
1438312092,434
1438312136,673
1438313436,308
1438315047,687
1438315547,736
1438316886,677
1438317112,189
1438317306,546
1438318143,264
1438320060,624
1438320258,142
1438321818,1748
1438322052,685
1438328928,286
1438331199,826
1438331479,713
1438332025,859
1438333500,636
1438336716,39
1438344650,287
1438357048,187
1438378142,2214
1438396672,687
1438401219,469
1438406876,769
1438491013,374
1438507302,288
1438563336,671
1438565156,582
1438568734,684
1438569925,681
1438570665,721
1438570933,382
1438573025,609
1438574962,648
1438576714,499
1438577275,663
1438577698,697
1438578848,508
1438579750,580
1438581872,739
1438583877,459
1438584986,141
1438588871,512
1438589300,505
1438589465,104
1438589962,716
1438590508,552
1438591244,641
1438591516,182
1438592619,608
1438592653,349
1438593493,747
1438594231,173
1438595271,317
1438597088,716
1438598737,694
1438599027,599
1438599033,1381
1438602862,301
1438606230,139
1438649970,670
1438650167,420
1438652427,688
1438653409,455
1438653875,605
1438657457,705
1438657671,679
1438658023,669
1438658174,641
1438658563,286
1438659110,678
1438659462,539
1438660237,656
1438660272,683
1438661979,379
1438663291,1645
1438663615,657
1438664229,650
1438665188,700
1438665591,714
1438667016,703
1438669693,564
1438673509,383
1438676876,703
1438677741,103
1438678792,698
1438678832,823
1438679215,343
1438679461,440
1438679483,564
1438680236,184
1438681132,756
1438684672,684
1438685318,674
1438686042,473
1438690243,697
1438736328,677
1438737147,557
1438739264,679
1438739997,269
1438742687,549
1438743948,687
1438744498,671
1438744748,420
1438744901,635
1438744994,693
1438747635,1947
1438747725,340
1438747959,447
1438748300,369
1438748496,598
1438749696,557
1438750366,679
1438751830,689
1438751865,467
1438752357,564
1438756240,677
1438758011,185
1438762220,634
1438763073,400
1438763339,644
1438764741,671
1438766092,111
1438766846,687
1438767027,667
1438767052,484
1438772138,216
1438772744,640
1438783083,1506
1438822804,678
1438823828,592
1438826699,224
1438828641,681
1438830811,681
1438830885,725
1438830916,393
1438831051,521
1438831290,678
1438832695,692
1438833150,175
1438833493,647
1438834291,678
1438835376,356
1438836334,657
1438837645,688
1438837973,552
1438838585,658
1438840438,382
1438846706,693
1438847122,693
1438848709,639
1438850130,501
1438850606,227
1438851568,1233
1438852421,701
1438852701,176
1438854621,626
1438855218,305
1438858412,543
1438860082,5
1438860122,144
1438909137,679
1438909580,426
1438912900,476
1438914847,412
1438916561,682
1438916967,704
1438917571,631
1438919489,691
1438919681,612
1438920316,403
1438921078,658
1438921533,386
1438921919,640
1438922489,552
1438923975,680
1438924016,529
1438925688,691
1438926380,656
1438932461,413
1438937087,275
1438937385,486
1438937561,102
1438938161,351
1438938545,504
1438939446,326
1438940345,1110
1438942876,463
1438945064,309
1439001799,682
1439001839,694
1439066951,1133
1439168411,677
1439169254,565
1439171647,688
1439173928,670
1439176250,676
1439176287,691
1439176501,611
1439176662,505
1439176863,415
1439178230,610
1439179005,680
1439179448,680
1439180968,632
1439182285,483
1439183184,583
1439187519,1587
1439190284,684
1439190642,704
1439195071,690
1439195107,712
1439197995,659
1439199357,707
1439199894,710
1439200168,183
1439201453,575
1439204621,416
1439208503,235
1439254942,680
1439255526,589
1439259055,683
1439260581,650
1439261714,665
1439262217,514
1439262224,696
1439263539,673
1439265309,692
1439265609,631
1439266990,314
1439268474,565
1439269646,556
1439269686,540
1439270651,676
1439270718,703
1439273752,624
1439279398,684
1439281559,385
1439283338,488
1439283758,376
1439284753,658
1439284842,67
1439284975,612
1439286803,1304
1439341069,673
1439341640,348
1439341841,592
1439346403,472
1439346983,688
1439348006,702
1439348861,659
1439349019,703
1439349728,681
1439350128,535
1439350498,657
1439350618,692
1439350793,661
1439350864,508
1439350903,438
1439352549,615
1439353088,662
1439355986,569
1439363642,120
1439365248,170
1439365365,301
1439366609,537
1439366898,617
1439367082,165
1439368149,1602
1439370659,612
1439371197,168
1439373603,308
1439373796,612
1439373944,533
1439377994,189
1439379303,1789
1439427410,417
1439427723,671
1439432799,672
1439432988,21
1439435327,379
1439435388,669
1439435388,699
1439435640,718
1439435751,686
1439436127,700
1439436246,684
1439436811,516
1439437163,605
1439437464,693
1439438439,284
1439438439,694
1439438719,657
1439443791,1650
1439451801,399
1439452681,1285
1439452776,577
1439453126,602
1439454450,505
1439455001,673
1439455780,13
1439456143,317
1439456556,666
1439457392,729
1439457691,670
1439457836,681
1439458392,619
1439459926,198
1439461185,308
1439461857,603
1439462993,317
1439513790,678
1439514841,558
1439519228,686
1439519435,676
1439520391,705
1439520654,490
1439520975,649
1439521198,704
1439521998,712
1439522345,672
1439523627,598
1439524382,703
1439525878,500
1439526729,656
1439528068,690
1439528148,1669
1439528367,669
1439537554,1260
1439539268,567
1439540252,434
1439540904,44
1439541240,697
1439541466,353
1439541947,181
1439542395,256
1439543470,1047
1439544223,407
1439546678,211
1439547770,434
1439547804,459
1439548217,673
1439549026,569
1439549752,511
1439603982,642
1439606238,674
1439623699,231
1439653387,1814
1439773168,678
1439774162,503
1439774439,591
1439777376,593
1439779308,680
1439780998,701
1439781354,662
1439781633,688
1439781707,619
1439782143,434
1439783444,609
1439783748,712
1439783780,670
1439784592,676
1439785437,697
1439785933,678
1439787573,213
1439787808,813
1439789842,936
1439791551,619
1439798647,326
1439798785,585
1439800528,347
1439800602,475
1439802121,199
1439802205,459
1439804672,668
1439805351,516
1439805354,154
1439805518,801
1439805611,290
1439805837,611
1439805957,1498
1439809725,688
1439813930,235
1439815372,24
1439859971,681
1439860731,617
1439863332,617
1439864768,680
1439865537,661
1439865710,695
1439867040,495
1439867114,691
1439867253,703
1439867374,1488
1439869472,646
1439869908,683
1439870224,424
1439870800,608
1439871661,394
1439872121,657
1439872505,662
1439873136,719
1439873236,651
1439874437,703
1439876555,675
1439880498,635
1439881518,689
1439886944,440
1439887342,327
1439887446,1560
1439887718,678
1439888170,711
1439888363,570
1439888858,416
1439891510,664
1439893229,659
1439894652,56
1439894844,572
1439945944,532
1439946178,688
1439947119,563
1439950492,607
1439950901,692
1439952160,688
1439952849,501
1439953202,680
1439953404,712
1439953948,710
1439954165,671
1439954462,438
1439955057,677
1439955085,655
1439955940,492
1439956581,528
1439956646,264
1439956843,618
1439957267,545
1439958667,587
1439959319,733
1439959653,694
1439960908,547
1439961710,359
1439965007,1408
1439965162,352
1439968247,603
1439970036,121
1439971777,621
1439973200,204
1439973831,1519
1439974576,138
1439974854,219
1439976264,505
1439976751,708
1439976955,720
1439978058,647
1439985995,328
1440032318,684
1440032971,670
1440036811,616
1440037118,694
1440039521,533
1440040217,702
1440040412,678
1440040476,667
1440040916,430
1440041249,475
1440042706,419
1440043994,327
1440044474,474
1440044805,709
1440044825,615
1440046327,2023
1440047433,683
1440048313,695
1440052060,399
1440057979,702
1440059732,421
1440060714,409
1440062639,676
1440063243,613
1440063333,424
1440063825,626
1440064707,1797
1440067362,663
1440068079,624
1440068248,623
1440119318,450
1440125675,683
1440126704,680
1440126728,712
1440126905,654
1440127447,685
1440127720,698
1440127796,603
1440128007,610
1440129255,516
1440129853,671
1440131384,658
1440132163,692
1440132269,628
1440133340,700
1440133710,680
1440136727,640
1440141941,588
1440141957,509
1440143070,480
1440144265,113
1440145097,642
1440145933,405
1440146881,338
1440148905,1380
1440151514,267
1440160087,392
1440208190,650
1440265701,2037
1440377828,683
1440378314,494
1440379411,561
1440381850,578
1440385091,690
1440385236,530
1440385299,696
1440385694,701
1440385753,601
1440385908,696
1440388580,594
1440390998,662
1440391302,347
1440391746,708
1440391754,622
1440392388,519
1440393322,691
1440393716,676
1440399922,468
1440400750,231
1440401230,629
1440403745,669
1440403881,668
1440404859,538
1440407154,430
1440408051,705
1440408466,549
1440409454,516
1440409577,196
1440409580,361
1440411588,602
1440464446,689
1440465319,599
1440469768,598
1440471061,693
1440471735,680
1440471756,689
1440471952,690
1440472214,432
1440472726,664
1440475228,680
1440476738,1780
1440477461,605
1440477788,701
1440478312,642
1440481998,683
1440484404,666
1440488875,542
1440490439,542
1440491418,596
1440493979,482
1440494646,482
1440494875,233
1440495168,621
1440495250,194
1440495556,629
1440496223,316
1440496340,31
1440498795,688
1440551055,672
1440556621,605
1440557812,705
1440558001,689
1440558374,696
1440558521,673
1440558536,233
1440558644,674
1440558882,673
1440560966,595
1440562593,475
1440563083,668
1440563524,479
1440563953,643
1440565072,646
1440565874,467
1440567665,675
1440571838,466
1440572359,455
1440572880,686
1440573276,89
1440575021,287
1440575574,330
1440575925,638
1440576925,173
1440577178,482
1440577510,84
1440578012,614
1440578415,677
1440583013,381
1440637185,426
1440638594,658
1440641469,669
1440643036,685
1440643563,581
1440643620,540
1440644631,703
1440645036,676
1440645182,704
1440645528,666
1440645746,397
1440645923,692
1440647287,276
1440648150,595
1440649138,647
1440649580,687
1440650034,420
1440650317,641
1440652582,1415
1440656802,476
1440656923,276
1440661921,712
1440662638,623
1440662704,529
1440664250,690
1440665335,324
1440665502,671
1440667263,591
1440667729,310
1440668556,171
1440669085,712
1440669100,140
1440671032,63
1440730229,529
1440731126,687
1440731141,682
1440731321,692
1440731576,584
1440731721,692
1440732333,677
1440732893,408
1440733137,654
1440733184,1491
1440734789,614
1440735464,305
1440735697,686
1440736808,572
1440737693,691
1440740776,463
1440742176,673
1440745492,379
1440749788,684
1440751886,671
1440751912,608
1440753202,128
1440756010,38
1440756728,603
1440766107,392
1440813295,374
1440877479,1291
1440981977,680
1440989375,550
1440989837,552
1440990016,532
1440990319,705
1440990941,684
1440993408,286
1440994019,601
1440995084,1041
1440995683,697
1440996243,709
1440998365,495
1440998790,796
1440999052,686
1441001695,382
1441007523,595
1441007861,282
1441008016,594
1441008315,216
1441009810,483
1441010999,652
1441011585,668
1441011695,487
1441012062,656
1441012952,440
1441012997,677
1441013745,509
1441024862,702
1441069460,682
1441072710,587
1441074962,542
1441075386,693
1441075427,692
1441076539,493
1441076686,700
1441077106,677
1441078923,593
1441080356,686
1441081482,679
1441081715,693
1441081776,695
1441082263,1541
1441085229,701
1441085735,676
1441091835,578
1441092307,683
1441096445,507
1441097060,140
1441098092,520
1441099357,634
1441099506,1807
1441100027,451
1441100078,375
1441100332,3
1441106160,242
1441107511,463
1441108235,508
1441126047,454
1441155696,684
1441156804,708
1441160895,708
1441162733,483
1441163021,443
1441163029,673
1441163617,658
1441163677,601
1441164931,697
1441166210,715
1441167032,606
1441167353,476
1441168810,693
1441168842,1295
1441169385,704
1441169827,646
1441169874,187
1441170015,494
1441171300,509
1441172607,2207
1441174011,831
1441175228,417
1441176741,79
1441180530,683
1441180749,730
1441181753,725
1441182959,708
1441182984,698
1441183077,432
1441183386,1360
1441183808,287
1441183926,546
1441185482,202
1441186446,132
1441188309,726
1441190397,463
1441191491,421
1441195976,268
1441200353,81
1441241758,685
1441248515,696
1441248778,634
1441249107,568
1441249210,660
1441249358,695
1441249506,701
1441249933,528
1441250258,676
1441251287,606
1441252728,285
1441253694,619
1441254514,655
1441254590,774
1441255315,689
1441258392,148
1441260250,602
1441264485,149
1441265901,222
1441266588,616
1441267378,475
1441267511,1552
1441267562,669
1441270844,683
1441271202,408
1441271496,1423
1441271545,174
1441271863,352
1441271930,530
1441272643,659
1441274102,700
1441276236,681
1441277522,453
1441282726,517
1441328483,679
1441334549,501
1441335750,694
1441335818,698
1441335900,686
1441336350,1198
1441336827,674
1441337565,597
1441337638,594
1441339447,463
1441339947,283
1441341751,628
1441344004,499
1441344961,518
1441345407,672
1441346978,775
1441352153,394
1441353639,347
1441356247,1001
1441356717,197
1441358178,216
1441358823,1521
1441359665,338
1441361209,62
1441370720,526
1441419802,570
1441431305,361
1441613165,505
1441673935,672
1441677817,667
1441678948,650
1441679239,720
1441680575,673
1441681114,237
1441682213,590
1441682425,662
1441684179,436
1441684337,590
1441686328,1813
1441686504,698
1441687363,697
1441687569,480
1441689353,694
1441691137,633
1441692867,668
1441697977,604
1441700435,519
1441700467,111
1441701669,687
1441701758,630
1441702578,166
1441702686,388
1441704565,130
1441707159,335
1441708598,505
1441709551,488
1441710269,1494
1441715274,327
1441760264,676
1441763222,550
1441764397,670
1441765480,708
1441767080,596
1441767705,694
1441768112,684
1441768517,691
1441768644,625
1441768996,662
1441770968,594
1441771613,683
1441771743,344
1441772379,516
1441773940,511
1441775852,546
1441778342,2114
1441780499,415
1441781118,702
1441781613,778
1441784757,1237
1441786304,261
1441790774,416
1441791898,707
1441792041,448
1441792169,405
1441793830,133
1441794368,678
1441799131,504
1441804483,321
1441846899,667
1441851078,669
1441852219,678
1441852636,711
1441853260,587
1441853326,560
1441853928,688
1441854324,680
1441854529,684
1441855242,678
1441855598,645
1441855972,333
1441858474,589
1441858819,967
1441859125,708
1441859247,568
1441860948,566
1441861297,703
1441861808,463
1441862094,466
1441862395,705
1441862912,955
1441865359,558
1441871334,785
1441873662,665
1441873954,326
1441874504,293
1441874847,426
1441877387,777
1441877786,184
1441878028,656
1441879037,504
1441880145,248
1441881437,601
1441882168,617
1441883340,488
1441884828,126
1441884968,698
1441885489,681
1441933173,671
1441937275,691
1441938549,701
1441939490,692
1441939559,604
1441940243,699
1441940340,421
1441940752,680
1441940821,704
1441940867,699
1441941393,679
1441942455,225
1441942585,634
1441943527,335
1441943834,585
1441945089,559
1441946072,631
1441946986,703
1441947134,165
1441947293,655
1441947897,695
1441948737,628
1441949213,1246
1441953047,496
1441954893,441
1441959935,629
1441961172,675
1441962161,505
1441963093,736
1441963301,389
1441963337,225
1441968371,387
1441970904,369
1441975306,53
1441975327,459
1442023295,669
1442036816,131
1442042914,683
1442047318,2037
1442192849,677
1442197351,690
1442197694,658
1442198570,597
1442200196,647
1442200228,673
1442200538,705
1442201427,695
1442201605,628
1442203853,687
1442204096,525
1442204451,597
1442204862,472
1442205074,493
1442205477,683
1442205883,689
1442206518,624
1442207066,520
1442207704,671
1442208724,727
1442208882,380
1442209801,538
1442219112,231
1442220406,688
1442221881,223
1442222205,75
1442222930,658
1442224482,277
1442224539,146
1442224929,370
1442229360,443
1442231755,641
1442279128,671
1442279220,666
1442283725,666
1442285000,689
1442285377,685
1442285575,592
1442286104,716
1442286167,695
1442286782,693
1442287077,675
1442287350,615
1442287356,528
1442288577,661
1442289188,671
1442289411,651
1442290458,568
1442292176,686
1442292593,712
1442294390,695
1442294563,685
1442295237,1842
1442306299,649
1442308060,153
1442308520,412
1442308798,630
1442309578,380
1442310329,693
1442310525,387
1442313973,245
1442317745,668
1442318434,426
1442320713,308
1442365759,673
1442369531,670
1442370814,518
1442370847,610
1442371042,652
1442372053,714
1442372923,647
1442372991,718
1442373057,651
1442373214,679
1442373272,688
1442373555,693
1442376156,584
1442376781,712
1442377714,688
1442379162,682
1442379229,672
1442381322,1619
1442383399,397
1442383717,683
1442384065,707
1442388289,233
1442388534,670
1442391499,110
1442391697,653
1442393845,708
1442395097,293
1442395473,471
1442396706,621
1442398879,358
1442400546,637
1442403363,566
1442403412,475
1442451568,634
1442458357,701
1442458392,598
1442459185,675
1442459202,696
1442459491,694
1442459496,685
1442459722,708
1442460177,670
1442461446,537
1442462155,424
1442463079,671
1442463569,577
1442463807,667
1442464717,415
1442464849,679
1442465428,692
1442465629,690
1442467458,653
1442477915,633
1442479207,650
1442479770,700
1442480137,707
1442480165,554
1442480458,282
1442480851,479
1442480953,123
1442481160,167
1442481677,602
1442481848,546
1442481930,227
1442482821,408
1442488911,687
1442491714,69
1442491783,617
1442541628,120
1442542038,665
1442543716,703
1442544885,488
1442545511,1589
1442545679,695
1442545686,687
1442545754,438
1442546564,669
1442546972,574
1442550784,694
1442552133,694
1442552400,628
1442554880,898
1442557170,1405
1442559921,181
1442565370,635
1442565930,619
1442566307,174
1442568128,394
1442568306,166
1442568828,653
1442571940,690
1442572257,363
1442575030,656
1442582309,902
1442627866,547
1442634952,342
1442648134,289
1442694254,1193
1442797242,699
1442797321,668
1442802721,619
1442802725,711
1442804131,673
1442805082,654
1442805097,701
1442805153,695
1442805403,673
1442805551,421
1442806034,288
1442806163,465
1442807598,587
1442807826,712
1442808035,643
1442808359,382
1442808501,140
1442809284,672
1442810019,647
1442810630,692
1442810748,640
1442812584,617
1442815524,684
1442819716,1408
1442820524,683
1442824132,617
1442824371,686
1442825505,505
1442826450,706
1442831351,107
1442831900,220
1442832167,150
1442834147,637
1442834166,518
1442835388,314
1442883666,671
1442886981,281
1442889206,696
1442889838,589
1442890070,675
1442891099,691
1442891217,690
1442891582,676
1442891851,656
1442892156,673
1442893929,363
1442894642,652
1442895554,1290
1442896578,512
1442896826,619
1442896865,535
1442897465,671
1442897963,684
1442898376,484
1442899147,673
1442904616,164
1442906805,1336
1442907864,127
1442908775,809
1442909227,688
1442910114,375
1442910496,690
1442911025,693
1442911160,178
1442911233,379
1442912347,1341
1442912473,674
1442913465,311
1442916319,486
1442916582,649
1442916838,11
1442921692,509
1442970208,665
1442973582,457
1442974105,300
1442974858,590
1442976866,304
1442977375,0
1442977758,670
1442978090,673
1442978443,690
1442978949,642
1442979593,640
1442980489,587
1442980987,698
1442981035,582
1442982631,141
1442982925,526
1442983398,530
1442983645,711
1442985237,683
1442985289,575
1442985590,654
1442988087,415
1442991611,671
1442992241,682
1442993420,239
1442994358,523
1442994623,486
1442995559,2060
1442997199,686
1442997313,986
1442997341,601
1442997864,2
1442998095,649
1442998465,305
1442998776,442
1443000003,293
1443001429,193
1443003126,433
1443004643,564
1443004707,607
1443004784,527
1443004850,379
1443005057,697
1443005337,163
1443006999,8
1443007619,246
1443013156,1483
1443056342,673
1443060080,422
1443060910,558
1443062608,590
1443063092,507
1443063341,693
1443063381,678
1443063900,698
1443064287,688
1443064777,668
1443066182,574
1443066283,326
1443067328,605
1443070190,673
1443070431,684
1443070645,1206
1443070878,500
1443071209,434
1443071272,508
1443071582,600
1443073498,557
1443074357,501
1443079229,668
1443081880,354
1443081999,1083
1443082782,678
1443083301,700
1443083826,350
1443086111,125
1443086428,1254
1443086848,163
1443086855,271
1443088075,221
1443088669,408
1443089138,6
1443089423,536
1443091743,6
1443094620,170
1443143027,675
1443146455,350
1443147331,653
1443147875,576
1443148505,444
1443149304,595
1443149473,487
1443149878,696
1443150368,684
1443151555,695
1443151570,445
1443151617,699
1443151641,654
1443152951,676
1443154306,645
1443154600,446
1443155702,224
1443155734,1291
1443156301,684
1443157087,677
1443157322,674
1443166717,622
1443167670,701
1443167975,688
1443168556,637
1443168584,623
1443169326,127
1443169360,1676
1443169793,170
1443170089,183
1443171623,77
1443172102,680
1443172343,640
1443172377,475
1443173040,480
1443173252,0
1443173493,649
1443174554,656
1443174636,539
1443174981,349
1443179400,0
1443180165,98
1443180658,886
1443232909,673
1443233748,493
1443236496,638
1443250020,206
1443250345,108
1443252784,404
1443288424,1063
1443322586,591
1443328245,351
1443346398,229
1443401985,672
1443405544,299
1443405878,589
1443407275,663
1443407324,0
1443407422,646
1443407459,0
1443409037,630
1443409305,0
1443409423,698
1443410351,688
1443411171,0
1443411555,680
1443412719,0
1443413507,686
1443413611,584
1443414898,429
1443414983,447
1443415778,1630
1443415916,0
1443416067,682
1443416418,465
1443417164,684
1443420088,646
1443420969,1187
1443424171,0
1443424311,0
1443424418,0
1443425466,0
1443425636,0
1443426068,0
1443426240,647
1443427167,760
1443428547,422
1443429961,0
1443429980,656
1443429987,542
1443430556,350
1443430745,225
1443430831,341
1443431127,405
1443432506,19
1443434977,499
1443435819,103
1443435848,480
1443442503,347
1443443200,798
1443488598,643
1443491299,688
1443493034,654
1443493403,583
1443494820,656
1443495689,603
1443496857,690
1443496954,592
1443496983,662
1443499750,138
1443500100,268
1443501733,420
1443501735,1308
1443501748,671
1443502170,694
1443502530,1032
1443503381,668
1443505780,578
1443510065,682
1443514735,143
1443515840,673
1443516047,616
1443516137,592
1443517041,440
1443517578,1324
1443517755,78
1443519078,714
1443520609,178
1443521451,540
1443522936,353
1443529673,630
1443537191,599
1443574984,643
1443578736,560
1443579040,701
1443579793,554
1443581100,584
1443581517,0
1443581647,658
1443582397,698
1443583393,664
1443583484,708
1443583717,633
1443585285,454
1443586170,1477
1443586774,525
1443587676,1265
1443588091,469
1443588233,637
1443589209,674
1443589235,665
1443590765,619
1443590869,405
1443592890,705
1443594846,589
1443598463,670
1443599653,308
1443601273,685
1443602099,291
1443602371,558
1443603169,2120
1443603262,607
1443603395,636
1443603544,656
1443603724,378
1443604321,613
1443605534,293
1443606116,631
1443611753,688
1443613065,984
1443614167,536
1443615022,376
1443661440,532
1443666172,348
1443666199,583
1443668325,503
1443668809,0
1443668839,0
1443668902,0
1443668954,0
1443669018,685
1443669457,0
1443669484,689
1443669719,197
1443669792,660
1443669825,689
1443670397,401
1443670757,592
1443671688,290
1443672390,343
1443672619,670
1443674064,1857
1443674375,676
1443674489,677
1443674643,717
1443674833,490
1443675395,150
1443675558,484
1443675931,658
1443676160,540
1443677036,668
1443680967,653
1443683503,0
1443683744,695
1443686055,302
1443687267,52
1443687629,0
1443688042,420
1443688278,674
1443688563,695
1443688608,690
1443688772,384
1443688985,695
1443689033,668
1443689596,645
1443689668,263
1443690998,627
1443693326,556
1443693363,658
1443695228,354
1443695763,415
1443696350,596
1443698848,488
1443701022,259
1443703957,178
1443704132,0
1443704553,0
1443747703,662
1443750889,486
1443751135,650
1443753412,593
1443754244,1694
1443755717,700
1443755997,670
1443756011,496
1443756428,694
1443756842,654
1443758246,474
1443758524,0
1443758605,472
1443758977,507
1443760182,0
1443760186,690
1443760378,704
1443762896,694
1443764575,633
1443772023,250
1443774528,686
1443774823,617
1443775527,626
1443776369,628
1443776385,433
1443778592,302
1443779990,94
1443781038,294
1443782491,0
1443782615,0
1443782816,0
1443784583,0
1443784725,0
1443788121,126
1443790558,1451
1443827923,2368
1443837512,620
1443847044,608
1443858549,112
1443933899,655
